"","Class","ClWeight","ClIQ","Species","SpWeight","SpIQ","SpIntercept","SpCoef","Weight","IQ"
"1","Stoker",0,0,"Monstrous Nightmare",1.02713670520958,0.516939488221274,-0.200145117125782,0.189711580429427,330.460746933836,117.790105614093
"2","Stoker",0,0,"Monstrous Nightmare",1.02713670520958,0.516939488221274,-0.200145117125782,0.189711580429427,321.875827326345,105.88288830778
"3","Stoker",0,0,"Monstrous Nightmare",1.02713670520958,0.516939488221274,-0.200145117125782,0.189711580429427,321.164080731149,100.57279002728
"4","Stoker",0,0,"Monstrous Nightmare",1.02713670520958,0.516939488221274,-0.200145117125782,0.189711580429427,335.826818349041,126.051490501163
"5","Stoker",0,0,"Monstrous Nightmare",1.02713670520958,0.516939488221274,-0.200145117125782,0.189711580429427,305.972451056591,106.902985796192
"6","Stoker",0,0,"Monstrous Nightmare",1.02713670520958,0.516939488221274,-0.200145117125782,0.189711580429427,324.197154801224,103.952866920914
"7","Stoker",0,0,"Monstrous Nightmare",1.02713670520958,0.516939488221274,-0.200145117125782,0.189711580429427,301.7875622448,93.1090773028351
"8","Stoker",0,0,"Terrible Terror",0.999698961591503,0.602218361465465,0.184066378178875,0.709110160526399,319.107263947037,108.147356531771
"9","Stoker",0,0,"Terrible Terror",0.999698961591503,0.602218361465465,0.184066378178875,0.709110160526399,335.589351661127,119.948082656581
"10","Stoker",0,0,"Terrible Terror",0.999698961591503,0.602218361465465,0.184066378178875,0.709110160526399,312.981112012914,113.09109719866
"11","Stoker",0,0,"Terrible Terror",0.999698961591503,0.602218361465465,0.184066378178875,0.709110160526399,322.861306443664,110.538417573642
"12","Stoker",0,0,"Terrible Terror",0.999698961591503,0.602218361465465,0.184066378178875,0.709110160526399,275.159802081909,104.901462153747
"13","Stoker",0,0,"Terrible Terror",0.999698961591503,0.602218361465465,0.184066378178875,0.709110160526399,313.288130891319,100.639402641538
"14","Stoker",0,0,"Terrible Terror",0.999698961591503,0.602218361465465,0.184066378178875,0.709110160526399,318.248872866468,99.7725905340712
"15","Stoker",0,0,"Red Death",-0.235426015381943,-1.32209936219777,0.758751210393358,0.619026866066768,281.472715239466,93.74449940245
"16","Stoker",0,0,"Red Death",-0.235426015381943,-1.32209936219777,0.758751210393358,0.619026866066768,280.836863641386,94.6013170219969
"17","Stoker",0,0,"Red Death",-0.235426015381943,-1.32209936219777,0.758751210393358,0.619026866066768,276.931649915999,85.1004263547879
"18","Stoker",0,0,"Red Death",-0.235426015381943,-1.32209936219777,0.758751210393358,0.619026866066768,274.780157367925,98.9590396319344
"19","Stoker",0,0,"Red Death",-0.235426015381943,-1.32209936219777,0.758751210393358,0.619026866066768,326.641951727156,104.54405951973
"20","Stoker",0,0,"Red Death",-0.235426015381943,-1.32209936219777,0.758751210393358,0.619026866066768,284.510101862153,94.1510568349349
"21","Stoker",0,0,"Red Death",-0.235426015381943,-1.32209936219777,0.758751210393358,0.619026866066768,297.657877594904,101.574093865959
"22","Stoker",0,0,"Typhoomerang",0.361545130440606,0.576814776704637,0.620363197462566,-0.000753027012323437,312.592306273617,107.822331614075
"23","Stoker",0,0,"Typhoomerang",0.361545130440606,0.576814776704637,0.620363197462566,-0.000753027012323437,315.285067871019,98.6497423497777
"24","Stoker",0,0,"Typhoomerang",0.361545130440606,0.576814776704637,0.620363197462566,-0.000753027012323437,300.600155497315,105.298634941043
"25","Stoker",0,0,"Typhoomerang",0.361545130440606,0.576814776704637,0.620363197462566,-0.000753027012323437,312.021957018674,103.934853544931
"26","Stoker",0,0,"Typhoomerang",0.361545130440606,0.576814776704637,0.620363197462566,-0.000753027012323437,312.174047886428,101.257971773591
"27","Stoker",0,0,"Typhoomerang",0.361545130440606,0.576814776704637,0.620363197462566,-0.000753027012323437,339.856662275438,105.535892812016
"28","Stoker",0,0,"Typhoomerang",0.361545130440606,0.576814776704637,0.620363197462566,-0.000753027012323437,312.824340876755,116.239751775978
"29","Stoker",0,0,"Fireworm",0.843842922773567,0.628276807967812,-0.727982157847846,0.467637421637543,271.765556707924,84.5459543220214
"30","Stoker",0,0,"Fireworm",0.843842922773567,0.628276807967812,-0.727982157847846,0.467637421637543,317.939139595163,115.235152736669
"31","Stoker",0,0,"Fireworm",0.843842922773567,0.628276807967812,-0.727982157847846,0.467637421637543,330.967709183551,87.0674535864078
"32","Stoker",0,0,"Fireworm",0.843842922773567,0.628276807967812,-0.727982157847846,0.467637421637543,359.007633650926,107.853031648062
"33","Stoker",0,0,"Fireworm",0.843842922773567,0.628276807967812,-0.727982157847846,0.467637421637543,294.766585434196,93.5385454968359
"34","Stoker",0,0,"Fireworm",0.843842922773567,0.628276807967812,-0.727982157847846,0.467637421637543,295.384048158164,94.9272239096826
"35","Stoker",0,0,"Fireworm",0.843842922773567,0.628276807967812,-0.727982157847846,0.467637421637543,316.262521940035,109.463581962262
"36","Stoker",0,0,"Fire Terror",-1.67523718123747,1.93775999411872,0.170917420038965,0.921269312452733,272.189271706332,111.018559879475
"37","Stoker",0,0,"Fire Terror",-1.67523718123747,1.93775999411872,0.170917420038965,0.921269312452733,277.908228856755,102.445419532464
"38","Stoker",0,0,"Fire Terror",-1.67523718123747,1.93775999411872,0.170917420038965,0.921269312452733,281.201720349298,106.863449949433
"39","Stoker",0,0,"Fire Terror",-1.67523718123747,1.93775999411872,0.170917420038965,0.921269312452733,275.225893229867,96.2984235171019
"40","Stoker",0,0,"Fire Terror",-1.67523718123747,1.93775999411872,0.170917420038965,0.921269312452733,258.698453410603,97.1640645124188
"41","Stoker",0,0,"Fire Terror",-1.67523718123747,1.93775999411872,0.170917420038965,0.921269312452733,292.243697173526,114.070685377762
"42","Stoker",0,0,"Fire Terror",-1.67523718123747,1.93775999411872,0.170917420038965,0.921269312452733,267.606796330054,118.188968201776
"43","Stoker",0,0,"Singetail",-1.61444517175491,-0.53004990936683,0.564841953454119,0.988962223130279,256.046493882544,74.5363298123934
"44","Stoker",0,0,"Singetail",-1.61444517175491,-0.53004990936683,0.564841953454119,0.988962223130279,282.459704601462,95.590744275728
"45","Stoker",0,0,"Singetail",-1.61444517175491,-0.53004990936683,0.564841953454119,0.988962223130279,247.186341343105,77.1326055424573
"46","Stoker",0,0,"Singetail",-1.61444517175491,-0.53004990936683,0.564841953454119,0.988962223130279,284.425455131941,93.848905900414
"47","Stoker",0,0,"Singetail",-1.61444517175491,-0.53004990936683,0.564841953454119,0.988962223130279,260.90396709409,79.1378769079796
"48","Stoker",0,0,"Singetail",-1.61444517175491,-0.53004990936683,0.564841953454119,0.988962223130279,236.041369059863,86.2555745364353
"49","Stoker",0,0,"Singetail",-1.61444517175491,-0.53004990936683,0.564841953454119,0.988962223130279,275.418778001425,99.0712436942555
"50","Stoker",0,0,"Hobblegrunt",0.492779556437251,0.331593250120666,1.18087316198757,-0.0967050606331639,281.329885265734,102.472925255208
"51","Stoker",0,0,"Hobblegrunt",0.492779556437251,0.331593250120666,1.18087316198757,-0.0967050606331639,345.638618598492,112.963931894005
"52","Stoker",0,0,"Hobblegrunt",0.492779556437251,0.331593250120666,1.18087316198757,-0.0967050606331639,316.928989617588,119.619204613118
"53","Stoker",0,0,"Hobblegrunt",0.492779556437251,0.331593250120666,1.18087316198757,-0.0967050606331639,339.086601372255,111.203258758688
"54","Stoker",0,0,"Hobblegrunt",0.492779556437251,0.331593250120666,1.18087316198757,-0.0967050606331639,329.526080941632,116.586040240457
"55","Stoker",0,0,"Hobblegrunt",0.492779556437251,0.331593250120666,1.18087316198757,-0.0967050606331639,337.738933515666,110.551431417841
"56","Stoker",0,0,"Hobblegrunt",0.492779556437251,0.331593250120666,1.18087316198757,-0.0967050606331639,328.719433496239,101.834769817848
"57","Stoker",0,0,"Flame Whipper",0.292971778206173,-0.297114735846048,-1.31485829828371,0.618768327275632,283.160914752793,82.9159228923715
"58","Stoker",0,0,"Flame Whipper",0.292971778206173,-0.297114735846048,-1.31485829828371,0.618768327275632,303.158745654044,91.6287776341641
"59","Stoker",0,0,"Flame Whipper",0.292971778206173,-0.297114735846048,-1.31485829828371,0.618768327275632,314.502694472167,87.0034440258051
"60","Stoker",0,0,"Flame Whipper",0.292971778206173,-0.297114735846048,-1.31485829828371,0.618768327275632,310.02517678316,91.0652247915252
"61","Stoker",0,0,"Flame Whipper",0.292971778206173,-0.297114735846048,-1.31485829828371,0.618768327275632,283.583604817476,79.665256914352
"62","Stoker",0,0,"Flame Whipper",0.292971778206173,-0.297114735846048,-1.31485829828371,0.618768327275632,309.750001912983,82.6136917130913
"63","Stoker",0,0,"Flame Whipper",0.292971778206173,-0.297114735846048,-1.31485829828371,0.618768327275632,259.304420304395,92.5399763866412
"64","Stoker",0,0,"Green Death",0.0968039949704234,1.13292438079769,0.262713424496343,0.45947394271606,296.04612184314,98.8027067727013
"65","Stoker",0,0,"Green Death",0.0968039949704234,1.13292438079769,0.262713424496343,0.45947394271606,316.051950599499,130.071940990184
"66","Stoker",0,0,"Green Death",0.0968039949704234,1.13292438079769,0.262713424496343,0.45947394271606,308.488018397388,112.731316449949
"67","Stoker",0,0,"Green Death",0.0968039949704234,1.13292438079769,0.262713424496343,0.45947394271606,264.445008217699,97.9886013426069
"68","Stoker",0,0,"Green Death",0.0968039949704234,1.13292438079769,0.262713424496343,0.45947394271606,305.908813865642,108.973869791964
"69","Stoker",0,0,"Green Death",0.0968039949704234,1.13292438079769,0.262713424496343,0.45947394271606,314.705730819764,114.582363704729
"70","Stoker",0,0,"Green Death",0.0968039949704234,1.13292438079769,0.262713424496343,0.45947394271606,298.946950203469,107.572891942577
"71","Stoker",0,0,"Night Terror",-1.85985572191895,0.681389770531654,0.927444711335048,0.354993982213319,275.727112654458,100.276020935301
"72","Stoker",0,0,"Night Terror",-1.85985572191895,0.681389770531654,0.927444711335048,0.354993982213319,234.219587580012,103.788075823879
"73","Stoker",0,0,"Night Terror",-1.85985572191895,0.681389770531654,0.927444711335048,0.354993982213319,227.586334686033,104.149296429734
"74","Stoker",0,0,"Night Terror",-1.85985572191895,0.681389770531654,0.927444711335048,0.354993982213319,256.220657661525,106.241291283332
"75","Stoker",0,0,"Night Terror",-1.85985572191895,0.681389770531654,0.927444711335048,0.354993982213319,278.565876746378,113.049860251067
"76","Stoker",0,0,"Night Terror",-1.85985572191895,0.681389770531654,0.927444711335048,0.354993982213319,234.93256662107,111.997900932549
"77","Stoker",0,0,"Night Terror",-1.85985572191895,0.681389770531654,0.927444711335048,0.354993982213319,258.745747601051,95.2325849693354
"78","Stoker",0,0,"Silver Phantom",0.424059152788258,-0.457271017646418,-1.07691454499542,0.155153686019947,302.267487013389,78.8904671754304
"79","Stoker",0,0,"Silver Phantom",0.424059152788258,-0.457271017646418,-1.07691454499542,0.155153686019947,312.618098664427,88.0671185252206
"80","Stoker",0,0,"Silver Phantom",0.424059152788258,-0.457271017646418,-1.07691454499542,0.155153686019947,310.206301363837,81.9401344319103
"81","Stoker",0,0,"Silver Phantom",0.424059152788258,-0.457271017646418,-1.07691454499542,0.155153686019947,314.427707185122,87.7854053166711
"82","Stoker",0,0,"Silver Phantom",0.424059152788258,-0.457271017646418,-1.07691454499542,0.155153686019947,324.165704670186,95.8913064723181
"83","Stoker",0,0,"Silver Phantom",0.424059152788258,-0.457271017646418,-1.07691454499542,0.155153686019947,278.950860752853,92.7304677931364
"84","Stoker",0,0,"Silver Phantom",0.424059152788258,-0.457271017646418,-1.07691454499542,0.155153686019947,306.343822235464,94.1388075350587
"85","Boulder",3,-1,"Gronckle",2.20750916916264,-0.82871812547781,1.31696881901438,-0.276618800328269,381.399136745591,91.4626663429644
"86","Boulder",3,-1,"Gronckle",2.20750916916264,-0.82871812547781,1.31696881901438,-0.276618800328269,341.26661097923,88.1976168570525
"87","Boulder",3,-1,"Gronckle",2.20750916916264,-0.82871812547781,1.31696881901438,-0.276618800328269,303.229715477073,106.924755441714
"88","Boulder",3,-1,"Gronckle",2.20750916916264,-0.82871812547781,1.31696881901438,-0.276618800328269,325.946392915923,94.7358349186457
"89","Boulder",3,-1,"Gronckle",2.20750916916264,-0.82871812547781,1.31696881901438,-0.276618800328269,308.824616164499,89.2940851840767
"90","Boulder",3,-1,"Gronckle",2.20750916916264,-0.82871812547781,1.31696881901438,-0.276618800328269,366.002924455606,84.9152455030825
"91","Boulder",3,-1,"Gronckle",2.20750916916264,-0.82871812547781,1.31696881901438,-0.276618800328269,343.937564053324,90.0487304137717
"92","Boulder",3,-1,"Gronckle",2.20750916916264,-0.82871812547781,1.31696881901438,-0.276618800328269,330.253800547448,102.954154266543
"93","Boulder",3,-1,"Gronckle",2.20750916916264,-0.82871812547781,1.31696881901438,-0.276618800328269,328.66757723124,81.1478001347833
"94","Boulder",3,-1,"Gronckle",2.20750916916264,-0.82871812547781,1.31696881901438,-0.276618800328269,356.049613935816,107.424852659539
"95","Boulder",3,-1,"Hotburple",4.11226418374127,-0.916042788832509,-1.19634206735707,0.254552164695532,391.549542364654,79.4895726728156
"96","Boulder",3,-1,"Hotburple",4.11226418374127,-0.916042788832509,-1.19634206735707,0.254552164695532,385.868025171799,80.8727837862106
"97","Boulder",3,-1,"Hotburple",4.11226418374127,-0.916042788832509,-1.19634206735707,0.254552164695532,372.369213297874,88.968571484412
"98","Boulder",3,-1,"Hotburple",4.11226418374127,-0.916042788832509,-1.19634206735707,0.254552164695532,357.689447987506,85.4621838027147
"99","Boulder",3,-1,"Hotburple",4.11226418374127,-0.916042788832509,-1.19634206735707,0.254552164695532,377.273418840968,97.8102557390733
"100","Boulder",3,-1,"Hotburple",4.11226418374127,-0.916042788832509,-1.19634206735707,0.254552164695532,393.026855412249,86.8996696644655
"101","Boulder",3,-1,"Hotburple",4.11226418374127,-0.916042788832509,-1.19634206735707,0.254552164695532,368.032876029698,105.816087005677
"102","Boulder",3,-1,"Hotburple",4.11226418374127,-0.916042788832509,-1.19634206735707,0.254552164695532,341.943723130779,93.2382901032004
"103","Boulder",3,-1,"Hotburple",4.11226418374127,-0.916042788832509,-1.19634206735707,0.254552164695532,383.776634719263,109.120737486744
"104","Boulder",3,-1,"Hotburple",4.11226418374127,-0.916042788832509,-1.19634206735707,0.254552164695532,370.620705345089,89.786659530081
"105","Boulder",3,-1,"Whispering Death",3.02633076273759,-0.858442073887606,0.848647663564693,0.233148977853322,379.566309934831,96.3931825272067
"106","Boulder",3,-1,"Whispering Death",3.02633076273759,-0.858442073887606,0.848647663564693,0.233148977853322,340.027599571215,114.132861950872
"107","Boulder",3,-1,"Whispering Death",3.02633076273759,-0.858442073887606,0.848647663564693,0.233148977853322,360.945797593527,118.596145886154
"108","Boulder",3,-1,"Whispering Death",3.02633076273759,-0.858442073887606,0.848647663564693,0.233148977853322,351.827653399988,100.205983955514
"109","Boulder",3,-1,"Whispering Death",3.02633076273759,-0.858442073887606,0.848647663564693,0.233148977853322,384.572693700487,104.610975374681
"110","Boulder",3,-1,"Whispering Death",3.02633076273759,-0.858442073887606,0.848647663564693,0.233148977853322,351.374342367688,118.77735472627
"111","Boulder",3,-1,"Whispering Death",3.02633076273759,-0.858442073887606,0.848647663564693,0.233148977853322,344.986311912676,106.01062728029
"112","Boulder",3,-1,"Whispering Death",3.02633076273759,-0.858442073887606,0.848647663564693,0.233148977853322,358.688190717242,101.866226358541
"113","Boulder",3,-1,"Whispering Death",3.02633076273759,-0.858442073887606,0.848647663564693,0.233148977853322,322.806902225551,103.853768462961
"114","Boulder",3,-1,"Whispering Death",3.02633076273759,-0.858442073887606,0.848647663564693,0.233148977853322,352.3323316855,116.592099609677
"115","Boulder",3,-1,"Screaming Death",3.17826928864364,0.262202660127685,-2.38728166253314,0.764345256287532,373.151059877845,97.6259013675886
"116","Boulder",3,-1,"Screaming Death",3.17826928864364,0.262202660127685,-2.38728166253314,0.764345256287532,375.026343614936,100.090483272568
"117","Boulder",3,-1,"Screaming Death",3.17826928864364,0.262202660127685,-2.38728166253314,0.764345256287532,319.510009854871,87.4433407006303
"118","Boulder",3,-1,"Screaming Death",3.17826928864364,0.262202660127685,-2.38728166253314,0.764345256287532,334.845926922115,88.2026666588173
"119","Boulder",3,-1,"Screaming Death",3.17826928864364,0.262202660127685,-2.38728166253314,0.764345256287532,336.559940773081,102.452088918562
"120","Boulder",3,-1,"Screaming Death",3.17826928864364,0.262202660127685,-2.38728166253314,0.764345256287532,373.023657609453,108.279112258551
"121","Boulder",3,-1,"Screaming Death",3.17826928864364,0.262202660127685,-2.38728166253314,0.764345256287532,385.156652928996,117.141727561075
"122","Boulder",3,-1,"Screaming Death",3.17826928864364,0.262202660127685,-2.38728166253314,0.764345256287532,340.954302727535,97.2312272014873
"123","Boulder",3,-1,"Screaming Death",3.17826928864364,0.262202660127685,-2.38728166253314,0.764345256287532,359.386932174413,97.7024775575462
"124","Boulder",3,-1,"Screaming Death",3.17826928864364,0.262202660127685,-2.38728166253314,0.764345256287532,353.254994959948,113.665089014918
"125","Boulder",3,-1,"Catastrophic Quaken",2.03253722121106,-0.624016433116255,0.696392104992976,0.0552271365190833,331.32141360667,95.2035973477003
"126","Boulder",3,-1,"Catastrophic Quaken",2.03253722121106,-0.624016433116255,0.696392104992976,0.0552271365190833,362.906245135318,91.1622842232605
"127","Boulder",3,-1,"Catastrophic Quaken",2.03253722121106,-0.624016433116255,0.696392104992976,0.0552271365190833,307.385092363847,103.72848722124
"128","Boulder",3,-1,"Catastrophic Quaken",2.03253722121106,-0.624016433116255,0.696392104992976,0.0552271365190833,354.321513286398,97.025593642848
"129","Boulder",3,-1,"Catastrophic Quaken",2.03253722121106,-0.624016433116255,0.696392104992976,0.0552271365190833,338.412649041418,109.535519187023
"130","Boulder",3,-1,"Catastrophic Quaken",2.03253722121106,-0.624016433116255,0.696392104992976,0.0552271365190833,340.620223189403,91.6718132598643
"131","Boulder",3,-1,"Catastrophic Quaken",2.03253722121106,-0.624016433116255,0.696392104992976,0.0552271365190833,338.881420828512,116.921931833184
"132","Boulder",3,-1,"Catastrophic Quaken",2.03253722121106,-0.624016433116255,0.696392104992976,0.0552271365190833,339.358679077012,106.161827858196
"133","Boulder",3,-1,"Catastrophic Quaken",2.03253722121106,-0.624016433116255,0.696392104992976,0.0552271365190833,326.169809088155,100.254194322202
"134","Boulder",3,-1,"Catastrophic Quaken",2.03253722121106,-0.624016433116255,0.696392104992976,0.0552271365190833,348.183504675147,98.7405838141516
"135","Boulder",3,-1,"Eruptodon",3.64895995376092,-1.62007842769697,-1.09679433264649,0.290957117043026,350.028304854289,94.6866376330765
"136","Boulder",3,-1,"Eruptodon",3.64895995376092,-1.62007842769697,-1.09679433264649,0.290957117043026,369.032114847084,94.6277473323649
"137","Boulder",3,-1,"Eruptodon",3.64895995376092,-1.62007842769697,-1.09679433264649,0.290957117043026,368.95436154643,84.5648208143202
"138","Boulder",3,-1,"Eruptodon",3.64895995376092,-1.62007842769697,-1.09679433264649,0.290957117043026,327.914657978856,71.0770757148254
"139","Boulder",3,-1,"Eruptodon",3.64895995376092,-1.62007842769697,-1.09679433264649,0.290957117043026,373.230252865053,81.2269428029882
"140","Boulder",3,-1,"Eruptodon",3.64895995376092,-1.62007842769697,-1.09679433264649,0.290957117043026,342.07111320638,84.1719229221016
"141","Boulder",3,-1,"Eruptodon",3.64895995376092,-1.62007842769697,-1.09679433264649,0.290957117043026,361.54769295022,80.4202428933145
"142","Boulder",3,-1,"Eruptodon",3.64895995376092,-1.62007842769697,-1.09679433264649,0.290957117043026,417.605662421669,94.8819690913661
"143","Boulder",3,-1,"Eruptodon",3.64895995376092,-1.62007842769697,-1.09679433264649,0.290957117043026,368.440124143732,83.8592291016168
"144","Boulder",3,-1,"Eruptodon",3.64895995376092,-1.62007842769697,-1.09679433264649,0.290957117043026,347.497491773407,80.8943293455285
"145","Boulder",3,-1,"Sentinel",1.57519209737122,-0.298211477853877,-0.838868512547013,0.825707457790444,354.539155447437,110.387523511076
"146","Boulder",3,-1,"Sentinel",1.57519209737122,-0.298211477853877,-0.838868512547013,0.825707457790444,309.058837717569,80.7151768407973
"147","Boulder",3,-1,"Sentinel",1.57519209737122,-0.298211477853877,-0.838868512547013,0.825707457790444,311.526796621528,98.811498571784
"148","Boulder",3,-1,"Sentinel",1.57519209737122,-0.298211477853877,-0.838868512547013,0.825707457790444,345.335779290611,100.781562823278
"149","Boulder",3,-1,"Sentinel",1.57519209737122,-0.298211477853877,-0.838868512547013,0.825707457790444,327.136559287599,99.1689020796877
"150","Boulder",3,-1,"Sentinel",1.57519209737122,-0.298211477853877,-0.838868512547013,0.825707457790444,340.473155230052,98.6835115352734
"151","Boulder",3,-1,"Sentinel",1.57519209737122,-0.298211477853877,-0.838868512547013,0.825707457790444,335.227257427267,102.614307533814
"152","Boulder",3,-1,"Sentinel",1.57519209737122,-0.298211477853877,-0.838868512547013,0.825707457790444,346.769827041846,102.451431337078
"153","Boulder",3,-1,"Sentinel",1.57519209737122,-0.298211477853877,-0.838868512547013,0.825707457790444,338.038247143142,100.141034280712
"154","Boulder",3,-1,"Sentinel",1.57519209737122,-0.298211477853877,-0.838868512547013,0.825707457790444,348.232101192545,107.510711416467
"155","Boulder",3,-1,"Snafflefang",1.27271479883294,-0.287314524384566,0.0743883487238516,0.320027716135766,343.417136794985,115.049402246722
"156","Boulder",3,-1,"Snafflefang",1.27271479883294,-0.287314524384566,0.0743883487238516,0.320027716135766,329.708430115234,105.060731908893
"157","Boulder",3,-1,"Snafflefang",1.27271479883294,-0.287314524384566,0.0743883487238516,0.320027716135766,316.182849363677,95.7399925216063
"158","Boulder",3,-1,"Snafflefang",1.27271479883294,-0.287314524384566,0.0743883487238516,0.320027716135766,322.596583726804,105.943556343078
"159","Boulder",3,-1,"Snafflefang",1.27271479883294,-0.287314524384566,0.0743883487238516,0.320027716135766,331.665031120932,102.890152454923
"160","Boulder",3,-1,"Snafflefang",1.27271479883294,-0.287314524384566,0.0743883487238516,0.320027716135766,317.354929075143,96.9488983343235
"161","Boulder",3,-1,"Snafflefang",1.27271479883294,-0.287314524384566,0.0743883487238516,0.320027716135766,336.159833301621,103.413930527871
"162","Boulder",3,-1,"Snafflefang",1.27271479883294,-0.287314524384566,0.0743883487238516,0.320027716135766,333.196254740489,110.429711844923
"163","Boulder",3,-1,"Snafflefang",1.27271479883294,-0.287314524384566,0.0743883487238516,0.320027716135766,299.623320781893,92.7980254935096
"164","Boulder",3,-1,"Snafflefang",1.27271479883294,-0.287314524384566,0.0743883487238516,0.320027716135766,300.620972462354,94.9681465666272
"165","Boulder",3,-1,"Grapple Grounder",4.57266317016941,-0.32480074628201,0.739701109439965,0.530194952423501,390.673744883753,122.432532744587
"166","Boulder",3,-1,"Grapple Grounder",4.57266317016941,-0.32480074628201,0.739701109439965,0.530194952423501,391.355103837757,124.188833324984
"167","Boulder",3,-1,"Grapple Grounder",4.57266317016941,-0.32480074628201,0.739701109439965,0.530194952423501,389.164980989007,126.190815107192
"168","Boulder",3,-1,"Grapple Grounder",4.57266317016941,-0.32480074628201,0.739701109439965,0.530194952423501,376.076455417119,110.917874676352
"169","Boulder",3,-1,"Grapple Grounder",4.57266317016941,-0.32480074628201,0.739701109439965,0.530194952423501,426.834126554639,140.346297548846
"170","Boulder",3,-1,"Grapple Grounder",4.57266317016941,-0.32480074628201,0.739701109439965,0.530194952423501,393.635283679824,119.115642263496
"171","Boulder",3,-1,"Grapple Grounder",4.57266317016941,-0.32480074628201,0.739701109439965,0.530194952423501,414.534095816717,122.464740235151
"172","Boulder",3,-1,"Grapple Grounder",4.57266317016941,-0.32480074628201,0.739701109439965,0.530194952423501,393.835607665196,119.786279539952
"173","Boulder",3,-1,"Grapple Grounder",4.57266317016941,-0.32480074628201,0.739701109439965,0.530194952423501,424.633328628188,133.634698995271
"174","Boulder",3,-1,"Grapple Grounder",4.57266317016941,-0.32480074628201,0.739701109439965,0.530194952423501,388.956196894165,115.077479226113
"175","Boulder",3,-1,"Crimson Goregutter",2.36182872951008,-1.28670973823225,0.174801255068233,0.684322664480279,299.203856248795,98.5320347497009
"176","Boulder",3,-1,"Crimson Goregutter",2.36182872951008,-1.28670973823225,0.174801255068233,0.684322664480279,380.280046399827,120.116044537637
"177","Boulder",3,-1,"Crimson Goregutter",2.36182872951008,-1.28670973823225,0.174801255068233,0.684322664480279,330.637183455247,108.249947697353
"178","Boulder",3,-1,"Crimson Goregutter",2.36182872951008,-1.28670973823225,0.174801255068233,0.684322664480279,353.467626243873,101.661802407465
"179","Boulder",3,-1,"Crimson Goregutter",2.36182872951008,-1.28670973823225,0.174801255068233,0.684322664480279,362.737377868072,109.379346679383
"180","Boulder",3,-1,"Crimson Goregutter",2.36182872951008,-1.28670973823225,0.174801255068233,0.684322664480279,345.385102631215,92.1512118722312
"181","Boulder",3,-1,"Crimson Goregutter",2.36182872951008,-1.28670973823225,0.174801255068233,0.684322664480279,329.340726127242,94.7976183706969
"182","Boulder",3,-1,"Crimson Goregutter",2.36182872951008,-1.28670973823225,0.174801255068233,0.684322664480279,347.94903715885,99.3931794485185
"183","Boulder",3,-1,"Crimson Goregutter",2.36182872951008,-1.28670973823225,0.174801255068233,0.684322664480279,349.877674238073,98.6244143049729
"184","Boulder",3,-1,"Crimson Goregutter",2.36182872951008,-1.28670973823225,0.174801255068233,0.684322664480279,364.372481876172,113.238618425416
"185","Tracker",0,1,"Rumblehorn",-0.0511817208550631,1.48855969586509,-1.04829246300686,0.678538579560404,311.017143725894,112.504083867856
"186","Tracker",0,1,"Rumblehorn",-0.0511817208550631,1.48855969586509,-1.04829246300686,0.678538579560404,234.682481495956,81.3379225365121
"187","Tracker",0,1,"Rumblehorn",-0.0511817208550631,1.48855969586509,-1.04829246300686,0.678538579560404,324.559119814868,103.512730735267
"188","Tracker",0,1,"Rumblehorn",-0.0511817208550631,1.48855969586509,-1.04829246300686,0.678538579560404,320.195833644106,98.5535277023189
"189","Tracker",0,1,"Rumblehorn",-0.0511817208550631,1.48855969586509,-1.04829246300686,0.678538579560404,276.313596099849,93.8627978750136
"190","Tracker",0,1,"Rumblehorn",-0.0511817208550631,1.48855969586509,-1.04829246300686,0.678538579560404,349.258117307881,117.7278691266
"191","Tracker",0,1,"Rumblehorn",-0.0511817208550631,1.48855969586509,-1.04829246300686,0.678538579560404,301.383075852214,93.7832597442973
"192","Tracker",0,1,"Rumblehorn",-0.0511817208550631,1.48855969586509,-1.04829246300686,0.678538579560404,327.60253220685,101.148781786148
"193","Tracker",0,1,"Rumblehorn",-0.0511817208550631,1.48855969586509,-1.04829246300686,0.678538579560404,303.259726232373,107.258252208795
"194","Tracker",0,1,"Rumblehorn",-0.0511817208550631,1.48855969586509,-1.04829246300686,0.678538579560404,307.424874545279,110.99383672141
"195","Tracker",0,1,"Thunderclaw",-0.555492003149431,1.07005324578461,-1.62924413872128,0.115618041739976,261.881825697116,99.4626119155988
"196","Tracker",0,1,"Thunderclaw",-0.555492003149431,1.07005324578461,-1.62924413872128,0.115618041739976,299.569492005501,92.9117820215745
"197","Tracker",0,1,"Thunderclaw",-0.555492003149431,1.07005324578461,-1.62924413872128,0.115618041739976,270.727564371513,102.239891910364
"198","Tracker",0,1,"Thunderclaw",-0.555492003149431,1.07005324578461,-1.62924413872128,0.115618041739976,281.306431645355,87.7951701797375
"199","Tracker",0,1,"Thunderclaw",-0.555492003149431,1.07005324578461,-1.62924413872128,0.115618041739976,287.055240418681,88.628121802864
"200","Tracker",0,1,"Thunderclaw",-0.555492003149431,1.07005324578461,-1.62924413872128,0.115618041739976,289.729595499713,82.0346303973282
"201","Tracker",0,1,"Thunderclaw",-0.555492003149431,1.07005324578461,-1.62924413872128,0.115618041739976,279.27123519094,94.7646863163306
"202","Tracker",0,1,"Thunderclaw",-0.555492003149431,1.07005324578461,-1.62924413872128,0.115618041739976,328.523244501327,91.4342243431
"203","Tracker",0,1,"Thunderclaw",-0.555492003149431,1.07005324578461,-1.62924413872128,0.115618041739976,294.902875572407,96.1182344790793
"204","Tracker",0,1,"Thunderclaw",-0.555492003149431,1.07005324578461,-1.62924413872128,0.115618041739976,320.992185066134,81.2061761267141
"205","Tracker",0,1,"Mudraker",-0.187612472851065,0.85521192935171,1.16271848497915,0.444729233116764,286.979046352773,110.967879429468
"206","Tracker",0,1,"Mudraker",-0.187612472851065,0.85521192935171,1.16271848497915,0.444729233116764,289.321698529728,111.361983122015
"207","Tracker",0,1,"Mudraker",-0.187612472851065,0.85521192935171,1.16271848497915,0.444729233116764,317.095385442682,119.33163652882
"208","Tracker",0,1,"Mudraker",-0.187612472851065,0.85521192935171,1.16271848497915,0.444729233116764,267.272420567011,102.327225546246
"209","Tracker",0,1,"Mudraker",-0.187612472851065,0.85521192935171,1.16271848497915,0.444729233116764,286.795636913128,113.292172246925
"210","Tracker",0,1,"Mudraker",-0.187612472851065,0.85521192935171,1.16271848497915,0.444729233116764,278.166584006816,111.73567480376
"211","Tracker",0,1,"Mudraker",-0.187612472851065,0.85521192935171,1.16271848497915,0.444729233116764,291.432620409837,109.848886803592
"212","Tracker",0,1,"Mudraker",-0.187612472851065,0.85521192935171,1.16271848497915,0.444729233116764,317.168944344019,121.515024817699
"213","Tracker",0,1,"Mudraker",-0.187612472851065,0.85521192935171,1.16271848497915,0.444729233116764,341.794984881011,131.175024560257
"214","Tracker",0,1,"Mudraker",-0.187612472851065,0.85521192935171,1.16271848497915,0.444729233116764,299.99468577643,127.389374754853
"215","Tracker",0,1,"Snifflehunch",0.607443627204167,0.353585558221303,-0.559438575376485,0.562982273899428,317.402684103382,115.151556388217
"216","Tracker",0,1,"Snifflehunch",0.607443627204167,0.353585558221303,-0.559438575376485,0.562982273899428,321.464025428379,100.49265573967
"217","Tracker",0,1,"Snifflehunch",0.607443627204167,0.353585558221303,-0.559438575376485,0.562982273899428,308.24059596159,101.464058623708
"218","Tracker",0,1,"Snifflehunch",0.607443627204167,0.353585558221303,-0.559438575376485,0.562982273899428,283.617272593537,93.1984556663352
"219","Tracker",0,1,"Snifflehunch",0.607443627204167,0.353585558221303,-0.559438575376485,0.562982273899428,304.909735271598,93.0559247535421
"220","Tracker",0,1,"Snifflehunch",0.607443627204167,0.353585558221303,-0.559438575376485,0.562982273899428,316.913063597917,120.712018466744
"221","Tracker",0,1,"Snifflehunch",0.607443627204167,0.353585558221303,-0.559438575376485,0.562982273899428,290.268725181865,98.7764259318649
"222","Tracker",0,1,"Snifflehunch",0.607443627204167,0.353585558221303,-0.559438575376485,0.562982273899428,272.947848203608,93.1795851192577
"223","Tracker",0,1,"Snifflehunch",0.607443627204167,0.353585558221303,-0.559438575376485,0.562982273899428,323.519610269341,98.4050273636917
"224","Tracker",0,1,"Snifflehunch",0.607443627204167,0.353585558221303,-0.559438575376485,0.562982273899428,293.254396710515,103.033003623124
"225","Sharp",2,-1,"Deadly Nadder",1.58998344042331,-2.13261924953863,-0.631453616338922,0.315758773377293,326.736955998665,82.1454165308687
"226","Sharp",2,-1,"Deadly Nadder",1.58998344042331,-2.13261924953863,-0.631453616338922,0.315758773377293,324.984306038525,81.1221634248774
"227","Sharp",2,-1,"Deadly Nadder",1.58998344042331,-2.13261924953863,-0.631453616338922,0.315758773377293,327.534125048783,79.1698700713451
"228","Sharp",2,-1,"Deadly Nadder",1.58998344042331,-2.13261924953863,-0.631453616338922,0.315758773377293,340.494794733987,82.7339466354502
"229","Sharp",2,-1,"Deadly Nadder",1.58998344042331,-2.13261924953863,-0.631453616338922,0.315758773377293,284.862627393127,81.5128353676694
"230","Sharp",2,-1,"Deadly Nadder",1.58998344042331,-2.13261924953863,-0.631453616338922,0.315758773377293,322.947416878467,74.4008708757971
"231","Sharp",2,-1,"Deadly Nadder",1.58998344042331,-2.13261924953863,-0.631453616338922,0.315758773377293,349.210432568593,71.8502779791848
"232","Sharp",2,-1,"Stormcutter",2.37967635984044,-0.39293572092174,0.391771085305303,0.8569649808333,343.835043591781,119.631567753282
"233","Sharp",2,-1,"Stormcutter",2.37967635984044,-0.39293572092174,0.391771085305303,0.8569649808333,373.332199500639,118.660428214653
"234","Sharp",2,-1,"Stormcutter",2.37967635984044,-0.39293572092174,0.391771085305303,0.8569649808333,364.907033038726,118.770339304426
"235","Sharp",2,-1,"Stormcutter",2.37967635984044,-0.39293572092174,0.391771085305303,0.8569649808333,377.320241245296,132.122961695737
"236","Sharp",2,-1,"Stormcutter",2.37967635984044,-0.39293572092174,0.391771085305303,0.8569649808333,340.928224785527,119.22288040605
"237","Sharp",2,-1,"Stormcutter",2.37967635984044,-0.39293572092174,0.391771085305303,0.8569649808333,359.708242233569,116.729974029012
"238","Sharp",2,-1,"Stormcutter",2.37967635984044,-0.39293572092174,0.391771085305303,0.8569649808333,354.38000362706,126.160066553195
"239","Sharp",2,-1,"Timberjack",1.40294807240369,0.102669358348984,-0.0639996846085849,0.165784908918121,337.885533337904,86.6761954597718
"240","Sharp",2,-1,"Timberjack",1.40294807240369,0.102669358348984,-0.0639996846085849,0.165784908918121,318.634613496516,105.546358281667
"241","Sharp",2,-1,"Timberjack",1.40294807240369,0.102669358348984,-0.0639996846085849,0.165784908918121,309.616569102977,102.707301676848
"242","Sharp",2,-1,"Timberjack",1.40294807240369,0.102669358348984,-0.0639996846085849,0.165784908918121,316.052805654545,91.6204048474269
"243","Sharp",2,-1,"Timberjack",1.40294807240369,0.102669358348984,-0.0639996846085849,0.165784908918121,331.363296984389,116.551544070749
"244","Sharp",2,-1,"Timberjack",1.40294807240369,0.102669358348984,-0.0639996846085849,0.165784908918121,373.746714087173,91.8069836672404
"245","Sharp",2,-1,"Timberjack",1.40294807240369,0.102669358348984,-0.0639996846085849,0.165784908918121,331.81078536382,106.607228273481
"246","Sharp",2,-1,"Razorwhip",4.84989446400892,-1.02151582148278,0.108894749415717,0.132711908646791,423.283714066104,92.6659708947031
"247","Sharp",2,-1,"Razorwhip",4.84989446400892,-1.02151582148278,0.108894749415717,0.132711908646791,393.352990477371,104.603674899268
"248","Sharp",2,-1,"Razorwhip",4.84989446400892,-1.02151582148278,0.108894749415717,0.132711908646791,379.781665815556,89.0886980842701
"249","Sharp",2,-1,"Razorwhip",4.84989446400892,-1.02151582148278,0.108894749415717,0.132711908646791,432.878791989275,95.6142213684298
"250","Sharp",2,-1,"Razorwhip",4.84989446400892,-1.02151582148278,0.108894749415717,0.132711908646791,401.843584969639,106.267695711937
"251","Sharp",2,-1,"Razorwhip",4.84989446400892,-1.02151582148278,0.108894749415717,0.132711908646791,390.471246276385,101.496583259759
"252","Sharp",2,-1,"Razorwhip",4.84989446400892,-1.02151582148278,0.108894749415717,0.132711908646791,410.092659021584,90.8691170852751
"253","Sharp",2,-1,"Grim Gnasher",2.56551660189502,-1.71527017122539,0.28858241949864,-0.0141974698299197,332.781781310751,93.4857878083775
"254","Sharp",2,-1,"Grim Gnasher",2.56551660189502,-1.71527017122539,0.28858241949864,-0.0141974698299197,332.181240940831,96.2308814885533
"255","Sharp",2,-1,"Grim Gnasher",2.56551660189502,-1.71527017122539,0.28858241949864,-0.0141974698299197,330.929464282235,86.4988614435365
"256","Sharp",2,-1,"Grim Gnasher",2.56551660189502,-1.71527017122539,0.28858241949864,-0.0141974698299197,314.750813265924,83.0228297190284
"257","Sharp",2,-1,"Grim Gnasher",2.56551660189502,-1.71527017122539,0.28858241949864,-0.0141974698299197,343.129362216127,96.319299416618
"258","Sharp",2,-1,"Grim Gnasher",2.56551660189502,-1.71527017122539,0.28858241949864,-0.0141974698299197,345.15670469502,74.2919780824086
"259","Sharp",2,-1,"Grim Gnasher",2.56551660189502,-1.71527017122539,0.28858241949864,-0.0141974698299197,378.453104475257,78.9648163638479
"260","Sharp",2,-1,"Speed Stinger",0.451024015590269,-1.70042152512374,-0.326810385606679,0.120512053166962,289.455973307639,81.1721817620358
"261","Sharp",2,-1,"Speed Stinger",0.451024015590269,-1.70042152512374,-0.326810385606679,0.120512053166962,284.972378687607,87.4035320583914
"262","Sharp",2,-1,"Speed Stinger",0.451024015590269,-1.70042152512374,-0.326810385606679,0.120512053166962,303.888768128013,86.7881051069322
"263","Sharp",2,-1,"Speed Stinger",0.451024015590269,-1.70042152512374,-0.326810385606679,0.120512053166962,365.573301649725,97.7483829770458
"264","Sharp",2,-1,"Speed Stinger",0.451024015590269,-1.70042152512374,-0.326810385606679,0.120512053166962,335.391918161598,87.4677962337503
"265","Sharp",2,-1,"Speed Stinger",0.451024015590269,-1.70042152512374,-0.326810385606679,0.120512053166962,301.749102529981,71.4510195501303
"266","Sharp",2,-1,"Speed Stinger",0.451024015590269,-1.70042152512374,-0.326810385606679,0.120512053166962,315.396924284066,89.2557284798689
"267","Sharp",2,-1,"Raincutter",3.41368768252082,-1.24610033768878,-1.68004584930527,0.199084200664219,395.231966939656,92.5263556006908
"268","Sharp",2,-1,"Raincutter",3.41368768252082,-1.24610033768878,-1.68004584930527,0.199084200664219,359.288611024013,71.019996026376
"269","Sharp",2,-1,"Raincutter",3.41368768252082,-1.24610033768878,-1.68004584930527,0.199084200664219,351.422409219771,92.5916258718782
"270","Sharp",2,-1,"Raincutter",3.41368768252082,-1.24610033768878,-1.68004584930527,0.199084200664219,341.778019190341,74.1390891732655
"271","Sharp",2,-1,"Raincutter",3.41368768252082,-1.24610033768878,-1.68004584930527,0.199084200664219,423.406496405599,74.5229949253719
"272","Sharp",2,-1,"Raincutter",3.41368768252082,-1.24610033768878,-1.68004584930527,0.199084200664219,382.917290021809,87.4518354626114
"273","Sharp",2,-1,"Raincutter",3.41368768252082,-1.24610033768878,-1.68004584930527,0.199084200664219,311.223661580845,89.5742689358999
"274","Sharp",2,-1,"Windstriker",1.98149346050428,-1.26357031132402,-0.00435732731329413,0.0325595590818919,318.798578091716,75.9744666166484
"275","Sharp",2,-1,"Windstriker",1.98149346050428,-1.26357031132402,-0.00435732731329413,0.0325595590818919,302.149416267637,84.6331316458265
"276","Sharp",2,-1,"Windstriker",1.98149346050428,-1.26357031132402,-0.00435732731329413,0.0325595590818919,333.625051464861,106.216966120669
"277","Sharp",2,-1,"Windstriker",1.98149346050428,-1.26357031132402,-0.00435732731329413,0.0325595590818919,290.733616892862,87.8776132390923
"278","Sharp",2,-1,"Windstriker",1.98149346050428,-1.26357031132402,-0.00435732731329413,0.0325595590818919,366.150254723068,86.5585885285813
"279","Sharp",2,-1,"Windstriker",1.98149346050428,-1.26357031132402,-0.00435732731329413,0.0325595590818919,318.887801196359,85.9045593683527
"280","Sharp",2,-1,"Windstriker",1.98149346050428,-1.26357031132402,-0.00435732731329413,0.0325595590818919,345.207842065902,85.915342896339
"281","Sharp",2,-1,"Stinger",2.86712264662223,-0.581418943353814,-0.572298536161586,0.123035149320325,332.140502292816,91.8150602285306
"282","Sharp",2,-1,"Stinger",2.86712264662223,-0.581418943353814,-0.572298536161586,0.123035149320325,333.480987659826,81.2897337681759
"283","Sharp",2,-1,"Stinger",2.86712264662223,-0.581418943353814,-0.572298536161586,0.123035149320325,374.674501399904,89.3277003832518
"284","Sharp",2,-1,"Stinger",2.86712264662223,-0.581418943353814,-0.572298536161586,0.123035149320325,367.277698845072,95.8228764032982
"285","Sharp",2,-1,"Stinger",2.86712264662223,-0.581418943353814,-0.572298536161586,0.123035149320325,344.754371579364,92.0808462075681
"286","Sharp",2,-1,"Stinger",2.86712264662223,-0.581418943353814,-0.572298536161586,0.123035149320325,351.640696784937,83.8776401101633
"287","Sharp",2,-1,"Stinger",2.86712264662223,-0.581418943353814,-0.572298536161586,0.123035149320325,370.327373218964,90.6039817548977
"288","Sharp",2,-1,"Shivertooth",2.40140727772354,-1.69354649763133,-1.36754488368289,0.365164426578121,370.023939280374,94.3838300771827
"289","Sharp",2,-1,"Shivertooth",2.40140727772354,-1.69354649763133,-1.36754488368289,0.365164426578121,321.392891879108,82.505956558368
"290","Sharp",2,-1,"Shivertooth",2.40140727772354,-1.69354649763133,-1.36754488368289,0.365164426578121,358.991652859251,87.1276108366405
"291","Sharp",2,-1,"Shivertooth",2.40140727772354,-1.69354649763133,-1.36754488368289,0.365164426578121,359.918602300647,99.6887926763752
"292","Sharp",2,-1,"Shivertooth",2.40140727772354,-1.69354649763133,-1.36754488368289,0.365164426578121,337.607398788616,76.4170866709216
"293","Sharp",2,-1,"Shivertooth",2.40140727772354,-1.69354649763133,-1.36754488368289,0.365164426578121,328.879685879799,95.4150757243085
"294","Sharp",2,-1,"Shivertooth",2.40140727772354,-1.69354649763133,-1.36754488368289,0.365164426578121,308.952412773918,69.0675354889658
"295","Sharp",2,-1,"Prickleboggle",3.83816895963834,-1.65659890026394,-0.64364863403829,0.392613417671874,358.994448876497,86.1076105684979
"296","Sharp",2,-1,"Prickleboggle",3.83816895963834,-1.65659890026394,-0.64364863403829,0.392613417671874,402.305581416551,94.9731421630378
"297","Sharp",2,-1,"Prickleboggle",3.83816895963834,-1.65659890026394,-0.64364863403829,0.392613417671874,342.767510621174,90.1027687646083
"298","Sharp",2,-1,"Prickleboggle",3.83816895963834,-1.65659890026394,-0.64364863403829,0.392613417671874,387.344549442803,101.053981052361
"299","Sharp",2,-1,"Prickleboggle",3.83816895963834,-1.65659890026394,-0.64364863403829,0.392613417671874,371.900144173003,86.3629434602763
"300","Sharp",2,-1,"Prickleboggle",3.83816895963834,-1.65659890026394,-0.64364863403829,0.392613417671874,381.07061915286,96.1451084003839
"301","Sharp",2,-1,"Prickleboggle",3.83816895963834,-1.65659890026394,-0.64364863403829,0.392613417671874,395.788810699096,91.325176207537
"302","Sharp",2,-1,"Devilish Dervish",0.578332054039517,-0.258175768473793,1.30379239565523,-0.372611381538067,316.304115793015,104.643705454132
"303","Sharp",2,-1,"Devilish Dervish",0.578332054039517,-0.258175768473793,1.30379239565523,-0.372611381538067,301.032885189254,104.530537934467
"304","Sharp",2,-1,"Devilish Dervish",0.578332054039517,-0.258175768473793,1.30379239565523,-0.372611381538067,316.119407867953,107.971442873534
"305","Sharp",2,-1,"Devilish Dervish",0.578332054039517,-0.258175768473793,1.30379239565523,-0.372611381538067,291.367925622421,112.095299371784
"306","Sharp",2,-1,"Devilish Dervish",0.578332054039517,-0.258175768473793,1.30379239565523,-0.372611381538067,297.832509515706,93.3420167330093
"307","Sharp",2,-1,"Devilish Dervish",0.578332054039517,-0.258175768473793,1.30379239565523,-0.372611381538067,276.206419476087,106.137873864262
"308","Sharp",2,-1,"Devilish Dervish",0.578332054039517,-0.258175768473793,1.30379239565523,-0.372611381538067,333.720334201981,104.155924745241
"309","Sharp",2,-1,"Thornridge",0.35036116421249,-0.188418425225453,0.45449791676353,0.246535543393601,334.575622316383,110.519512422339
"310","Sharp",2,-1,"Thornridge",0.35036116421249,-0.188418425225453,0.45449791676353,0.246535543393601,310.584517835386,99.1459934040311
"311","Sharp",2,-1,"Thornridge",0.35036116421249,-0.188418425225453,0.45449791676353,0.246535543393601,281.933278424943,103.166292160552
"312","Sharp",2,-1,"Thornridge",0.35036116421249,-0.188418425225453,0.45449791676353,0.246535543393601,321.060107340392,106.334161740623
"313","Sharp",2,-1,"Thornridge",0.35036116421249,-0.188418425225453,0.45449791676353,0.246535543393601,295.073394861616,99.7577106701761
"314","Sharp",2,-1,"Thornridge",0.35036116421249,-0.188418425225453,0.45449791676353,0.246535543393601,292.131138767076,103.636076923105
"315","Sharp",2,-1,"Thornridge",0.35036116421249,-0.188418425225453,0.45449791676353,0.246535543393601,319.821588614158,105.560114260123
"316","Tidal",1.5,0,"Thunderdrum",2.46126586024308,1.00755993053442,-0.805224947143169,1.01498380135752,332.243657446208,97.2296309557299
"317","Tidal",1.5,0,"Thunderdrum",2.46126586024308,1.00755993053442,-0.805224947143169,1.01498380135752,333.173045591557,108.038336942251
"318","Tidal",1.5,0,"Thunderdrum",2.46126586024308,1.00755993053442,-0.805224947143169,1.01498380135752,371.329386017829,134.469300668987
"319","Tidal",1.5,0,"Thunderdrum",2.46126586024308,1.00755993053442,-0.805224947143169,1.01498380135752,364.330218732074,128.360891424391
"320","Tidal",1.5,0,"Thunderdrum",2.46126586024308,1.00755993053442,-0.805224947143169,1.01498380135752,369.205519030213,131.072394319052
"321","Tidal",1.5,0,"Thunderdrum",2.46126586024308,1.00755993053442,-0.805224947143169,1.01498380135752,371.298447357515,137.356879922834
"322","Tidal",1.5,0,"Thunderdrum",2.46126586024308,1.00755993053442,-0.805224947143169,1.01498380135752,318.513424918537,109.789965419822
"323","Tidal",1.5,0,"Thunderdrum",2.46126586024308,1.00755993053442,-0.805224947143169,1.01498380135752,312.734817966293,93.1596241911853
"324","Tidal",1.5,0,"Scauldron",2.79036506956645,-0.0852166091212936,-1.67847958658822,0.1836410605285,367.296152779637,87.3784967353549
"325","Tidal",1.5,0,"Scauldron",2.79036506956645,-0.0852166091212936,-1.67847958658822,0.1836410605285,309.602582309769,79.5233202605988
"326","Tidal",1.5,0,"Scauldron",2.79036506956645,-0.0852166091212936,-1.67847958658822,0.1836410605285,377.691142772112,95.749418349387
"327","Tidal",1.5,0,"Scauldron",2.79036506956645,-0.0852166091212936,-1.67847958658822,0.1836410605285,348.983945792566,95.4058795905577
"328","Tidal",1.5,0,"Scauldron",2.79036506956645,-0.0852166091212936,-1.67847958658822,0.1836410605285,348.790525023522,82.3904293611998
"329","Tidal",1.5,0,"Scauldron",2.79036506956645,-0.0852166091212936,-1.67847958658822,0.1836410605285,382.376411011081,100.578825577428
"330","Tidal",1.5,0,"Scauldron",2.79036506956645,-0.0852166091212936,-1.67847958658822,0.1836410605285,388.572365901431,95.8967738918542
"331","Tidal",1.5,0,"Scauldron",2.79036506956645,-0.0852166091212936,-1.67847958658822,0.1836410605285,368.158724826583,100.429764386469
"332","Tidal",1.5,0,"Seashocker",1.84520445610204,0.186977667005517,-0.248743079365642,0.20242793023931,341.496442178254,106.592702795679
"333","Tidal",1.5,0,"Seashocker",1.84520445610204,0.186977667005517,-0.248743079365642,0.20242793023931,330.352874778028,100.992202171146
"334","Tidal",1.5,0,"Seashocker",1.84520445610204,0.186977667005517,-0.248743079365642,0.20242793023931,324.767617921647,102.19984507185
"335","Tidal",1.5,0,"Seashocker",1.84520445610204,0.186977667005517,-0.248743079365642,0.20242793023931,344.739868929302,94.1523826101412
"336","Tidal",1.5,0,"Seashocker",1.84520445610204,0.186977667005517,-0.248743079365642,0.20242793023931,296.076136295338,97.5299714416584
"337","Tidal",1.5,0,"Seashocker",1.84520445610204,0.186977667005517,-0.248743079365642,0.20242793023931,320.706091807093,97.6103701250222
"338","Tidal",1.5,0,"Seashocker",1.84520445610204,0.186977667005517,-0.248743079365642,0.20242793023931,349.213178859645,98.790448339079
"339","Tidal",1.5,0,"Seashocker",1.84520445610204,0.186977667005517,-0.248743079365642,0.20242793023931,341.450319566809,115.909214110484
"340","Tidal",1.5,0,"Submaripper",0.605945573387442,-1.60126075185999,-0.801107447217323,0.334323552958322,337.633733974085,90.15838419592
"341","Tidal",1.5,0,"Submaripper",0.605945573387442,-1.60126075185999,-0.801107447217323,0.334323552958322,323.563027883316,82.7137735445135
"342","Tidal",1.5,0,"Submaripper",0.605945573387442,-1.60126075185999,-0.801107447217323,0.334323552958322,286.108061413833,77.79908335902
"343","Tidal",1.5,0,"Submaripper",0.605945573387442,-1.60126075185999,-0.801107447217323,0.334323552958322,326.308545135429,70.8807578020314
"344","Tidal",1.5,0,"Submaripper",0.605945573387442,-1.60126075185999,-0.801107447217323,0.334323552958322,255.710087089153,74.0851469562073
"345","Tidal",1.5,0,"Submaripper",0.605945573387442,-1.60126075185999,-0.801107447217323,0.334323552958322,309.598924693928,84.1323596416802
"346","Tidal",1.5,0,"Submaripper",0.605945573387442,-1.60126075185999,-0.801107447217323,0.334323552958322,322.388053402993,90.7303088744111
"347","Tidal",1.5,0,"Submaripper",0.605945573387442,-1.60126075185999,-0.801107447217323,0.334323552958322,293.013540942734,63.375557788972
"348","Tidal",1.5,0,"Shellfire",0.833055984734858,1.2292712028214,2.0817909698067,0.243967555322153,333.328206427852,128.187622042259
"349","Tidal",1.5,0,"Shellfire",0.833055984734858,1.2292712028214,2.0817909698067,0.243967555322153,317.567509994599,135.558091501857
"350","Tidal",1.5,0,"Shellfire",0.833055984734858,1.2292712028214,2.0817909698067,0.243967555322153,269.114905264837,120.958627033012
"351","Tidal",1.5,0,"Shellfire",0.833055984734858,1.2292712028214,2.0817909698067,0.243967555322153,332.979217935061,125.435826576359
"352","Tidal",1.5,0,"Shellfire",0.833055984734858,1.2292712028214,2.0817909698067,0.243967555322153,297.373750229321,116.220691872706
"353","Tidal",1.5,0,"Shellfire",0.833055984734858,1.2292712028214,2.0817909698067,0.243967555322153,308.208552292194,122.390596213042
"354","Tidal",1.5,0,"Shellfire",0.833055984734858,1.2292712028214,2.0817909698067,0.243967555322153,280.13107799057,132.514691552327
"355","Tidal",1.5,0,"Shellfire",0.833055984734858,1.2292712028214,2.0817909698067,0.243967555322153,344.271358985644,139.956284334698
"356","Tidal",1.5,0,"Sliquifier",1.20260453604537,0.214857228405015,-0.886198204904117,0.490006140900011,318.187705022151,104.185746979346
"357","Tidal",1.5,0,"Sliquifier",1.20260453604537,0.214857228405015,-0.886198204904117,0.490006140900011,320.726181323318,105.377834426271
"358","Tidal",1.5,0,"Sliquifier",1.20260453604537,0.214857228405015,-0.886198204904117,0.490006140900011,300.946225036914,110.855056792934
"359","Tidal",1.5,0,"Sliquifier",1.20260453604537,0.214857228405015,-0.886198204904117,0.490006140900011,318.653270566735,86.1897900967513
"360","Tidal",1.5,0,"Sliquifier",1.20260453604537,0.214857228405015,-0.886198204904117,0.490006140900011,316.441642970959,103.92755855902
"361","Tidal",1.5,0,"Sliquifier",1.20260453604537,0.214857228405015,-0.886198204904117,0.490006140900011,337.796886172228,110.527826815438
"362","Tidal",1.5,0,"Sliquifier",1.20260453604537,0.214857228405015,-0.886198204904117,0.490006140900011,321.616924200785,111.954931493668
"363","Tidal",1.5,0,"Sliquifier",1.20260453604537,0.214857228405015,-0.886198204904117,0.490006140900011,309.22605541799,97.224128224362
"364","Tidal",1.5,0,"Sand Wraith",1.77152010696631,-1.53977107177768,-0.638122188234447,0.358459350004675,360.094502309043,84.6587505912671
"365","Tidal",1.5,0,"Sand Wraith",1.77152010696631,-1.53977107177768,-0.638122188234447,0.358459350004675,315.757520888473,77.2266962951552
"366","Tidal",1.5,0,"Sand Wraith",1.77152010696631,-1.53977107177768,-0.638122188234447,0.358459350004675,307.662016517675,99.1866883193401
"367","Tidal",1.5,0,"Sand Wraith",1.77152010696631,-1.53977107177768,-0.638122188234447,0.358459350004675,321.22258637508,91.1386571149772
"368","Tidal",1.5,0,"Sand Wraith",1.77152010696631,-1.53977107177768,-0.638122188234447,0.358459350004675,363.881255259278,100.885623369203
"369","Tidal",1.5,0,"Sand Wraith",1.77152010696631,-1.53977107177768,-0.638122188234447,0.358459350004675,320.922567521557,77.9935978008107
"370","Tidal",1.5,0,"Sand Wraith",1.77152010696631,-1.53977107177768,-0.638122188234447,0.358459350004675,329.256532765856,81.6139048103593
"371","Tidal",1.5,0,"Sand Wraith",1.77152010696631,-1.53977107177768,-0.638122188234447,0.358459350004675,339.828149526243,79.0413464504232
"372","Tidal",1.5,0,"Tide Glider",1.83279104850084,0.100309962570445,0.921319078952513,-0.21042465575621,357.188053923283,99.2710411613631
"373","Tidal",1.5,0,"Tide Glider",1.83279104850084,0.100309962570445,0.921319078952513,-0.21042465575621,338.180044198418,117.624516430619
"374","Tidal",1.5,0,"Tide Glider",1.83279104850084,0.100309962570445,0.921319078952513,-0.21042465575621,352.181164271589,107.359361720734
"375","Tidal",1.5,0,"Tide Glider",1.83279104850084,0.100309962570445,0.921319078952513,-0.21042465575621,324.971854476167,114.493789072959
"376","Tidal",1.5,0,"Tide Glider",1.83279104850084,0.100309962570445,0.921319078952513,-0.21042465575621,327.407145212765,99.1013905332461
"377","Tidal",1.5,0,"Tide Glider",1.83279104850084,0.100309962570445,0.921319078952513,-0.21042465575621,311.350438098651,115.374787446464
"378","Tidal",1.5,0,"Tide Glider",1.83279104850084,0.100309962570445,0.921319078952513,-0.21042465575621,342.167952292585,112.693053733337
"379","Tidal",1.5,0,"Tide Glider",1.83279104850084,0.100309962570445,0.921319078952513,-0.21042465575621,338.289222511022,96.6344734658548
"380","Tidal",1.5,0,"Shockjaw",4.88817493643909,-0.338655264696883,1.61957092081832,0.389848479420838,397.270176382429,130.932230249158
"381","Tidal",1.5,0,"Shockjaw",4.88817493643909,-0.338655264696883,1.61957092081832,0.389848479420838,407.858419224296,129.049105753818
"382","Tidal",1.5,0,"Shockjaw",4.88817493643909,-0.338655264696883,1.61957092081832,0.389848479420838,393.019919645467,123.830256235653
"383","Tidal",1.5,0,"Shockjaw",4.88817493643909,-0.338655264696883,1.61957092081832,0.389848479420838,398.495652512789,121.937888342279
"384","Tidal",1.5,0,"Shockjaw",4.88817493643909,-0.338655264696883,1.61957092081832,0.389848479420838,415.400901246151,106.625775976881
"385","Tidal",1.5,0,"Shockjaw",4.88817493643909,-0.338655264696883,1.61957092081832,0.389848479420838,396.129251340968,132.019480402991
"386","Tidal",1.5,0,"Shockjaw",4.88817493643909,-0.338655264696883,1.61957092081832,0.389848479420838,378.273217055244,112.167812516757
"387","Tidal",1.5,0,"Shockjaw",4.88817493643909,-0.338655264696883,1.61957092081832,0.389848479420838,403.734086226358,120.578949126433
"388","Tidal",1.5,0,"Windwalker",3.13470707451104,1.08489186172978,0.708752256470165,0.155377027734009,344.264902121214,108.0385724973
"389","Tidal",1.5,0,"Windwalker",3.13470707451104,1.08489186172978,0.708752256470165,0.155377027734009,366.404318481541,122.602219820175
"390","Tidal",1.5,0,"Windwalker",3.13470707451104,1.08489186172978,0.708752256470165,0.155377027734009,350.547611497547,113.232425827269
"391","Tidal",1.5,0,"Windwalker",3.13470707451104,1.08489186172978,0.708752256470165,0.155377027734009,354.824728373875,110.593391429312
"392","Tidal",1.5,0,"Windwalker",3.13470707451104,1.08489186172978,0.708752256470165,0.155377027734009,367.630199905098,119.710828388853
"393","Tidal",1.5,0,"Windwalker",3.13470707451104,1.08489186172978,0.708752256470165,0.155377027734009,372.015218043881,110.662512873983
"394","Tidal",1.5,0,"Windwalker",3.13470707451104,1.08489186172978,0.708752256470165,0.155377027734009,353.549757102019,118.045443282937
"395","Tidal",1.5,0,"Windwalker",3.13470707451104,1.08489186172978,0.708752256470165,0.155377027734009,392.529934534156,118.510740554243
"396","Tidal",1.5,0,"Purple Death",1.49496305002583,0.400853938203978,0.17774622790197,0.482849718249102,318.902040770275,119.120392421287
"397","Tidal",1.5,0,"Purple Death",1.49496305002583,0.400853938203978,0.17774622790197,0.482849718249102,337.009895152501,117.054647403982
"398","Tidal",1.5,0,"Purple Death",1.49496305002583,0.400853938203978,0.17774622790197,0.482849718249102,345.791767849099,114.519720107307
"399","Tidal",1.5,0,"Purple Death",1.49496305002583,0.400853938203978,0.17774622790197,0.482849718249102,327.358540617439,96.9895753883703
"400","Tidal",1.5,0,"Purple Death",1.49496305002583,0.400853938203978,0.17774622790197,0.482849718249102,346.005177626002,107.148284937782
"401","Tidal",1.5,0,"Purple Death",1.49496305002583,0.400853938203978,0.17774622790197,0.482849718249102,309.262861037686,115.117130721515
"402","Tidal",1.5,0,"Purple Death",1.49496305002583,0.400853938203978,0.17774622790197,0.482849718249102,306.888868443531,118.145626735013
"403","Tidal",1.5,0,"Purple Death",1.49496305002583,0.400853938203978,0.17774622790197,0.482849718249102,323.271939550275,108.132627571672
"404","Tidal",1.5,0,"Luminous Krayfin",1.26854827281824,0.0292831474514014,1.7150897539267,0.384596217506679,320.255619241531,115.457206198099
"405","Tidal",1.5,0,"Luminous Krayfin",1.26854827281824,0.0292831474514014,1.7150897539267,0.384596217506679,332.877891434324,112.932124814169
"406","Tidal",1.5,0,"Luminous Krayfin",1.26854827281824,0.0292831474514014,1.7150897539267,0.384596217506679,315.243937134166,131.444654603599
"407","Tidal",1.5,0,"Luminous Krayfin",1.26854827281824,0.0292831474514014,1.7150897539267,0.384596217506679,345.485275194284,130.974636432971
"408","Tidal",1.5,0,"Luminous Krayfin",1.26854827281824,0.0292831474514014,1.7150897539267,0.384596217506679,361.119163871519,118.39139194326
"409","Tidal",1.5,0,"Luminous Krayfin",1.26854827281824,0.0292831474514014,1.7150897539267,0.384596217506679,344.732446139158,119.215684271607
"410","Tidal",1.5,0,"Luminous Krayfin",1.26854827281824,0.0292831474514014,1.7150897539267,0.384596217506679,314.363029646609,111.722925704603
"411","Tidal",1.5,0,"Luminous Krayfin",1.26854827281824,0.0292831474514014,1.7150897539267,0.384596217506679,317.317261637394,119.687098129531
"412","Tidal",1.5,0,"Bewilderbeast",1.07570309320577,1.37379408954623,0.322533987867139,0.16352512593909,346.950690975095,120.703059336334
"413","Tidal",1.5,0,"Bewilderbeast",1.07570309320577,1.37379408954623,0.322533987867139,0.16352512593909,292.883535026478,98.5558257919703
"414","Tidal",1.5,0,"Bewilderbeast",1.07570309320577,1.37379408954623,0.322533987867139,0.16352512593909,325.151686715852,117.057784562685
"415","Tidal",1.5,0,"Bewilderbeast",1.07570309320577,1.37379408954623,0.322533987867139,0.16352512593909,326.111671129245,117.529823283104
"416","Tidal",1.5,0,"Bewilderbeast",1.07570309320577,1.37379408954623,0.322533987867139,0.16352512593909,293.676766025848,119.924486128703
"417","Tidal",1.5,0,"Bewilderbeast",1.07570309320577,1.37379408954623,0.322533987867139,0.16352512593909,322.829044060972,103.993584650494
"418","Tidal",1.5,0,"Bewilderbeast",1.07570309320577,1.37379408954623,0.322533987867139,0.16352512593909,329.581848208176,119.667620980305
"419","Tidal",1.5,0,"Bewilderbeast",1.07570309320577,1.37379408954623,0.322533987867139,0.16352512593909,340.193771202887,114.323050926737
"420","Mystery",0,0.5,"Hideous Zippleback",0.539323212460998,1.04405857752797,-0.44974344769538,0.233277317253991,304.938126432654,105.831240509126
"421","Mystery",0,0.5,"Hideous Zippleback",0.539323212460998,1.04405857752797,-0.44974344769538,0.233277317253991,312.248336676746,94.8769629885876
"422","Mystery",0,0.5,"Hideous Zippleback",0.539323212460998,1.04405857752797,-0.44974344769538,0.233277317253991,326.941380339285,95.3590844797996
"423","Mystery",0,0.5,"Hideous Zippleback",0.539323212460998,1.04405857752797,-0.44974344769538,0.233277317253991,273.652558118425,103.605373843476
"424","Mystery",0,0.5,"Hideous Zippleback",0.539323212460998,1.04405857752797,-0.44974344769538,0.233277317253991,321.785487956632,115.747812232663
"425","Mystery",0,0.5,"Hideous Zippleback",0.539323212460998,1.04405857752797,-0.44974344769538,0.233277317253991,294.437304672833,103.297725316543
"426","Mystery",0,0.5,"Hideous Zippleback",0.539323212460998,1.04405857752797,-0.44974344769538,0.233277317253991,311.216049966333,99.3719451764798
"427","Mystery",0,0.5,"Hideous Zippleback",0.539323212460998,1.04405857752797,-0.44974344769538,0.233277317253991,344.589723698205,108.772130758677
"428","Mystery",0,0.5,"Changewing",0.893896364426887,-0.590420996699419,1.23658121705347,0.35856669251072,308.206189728902,97.9709412341951
"429","Mystery",0,0.5,"Changewing",0.893896364426887,-0.590420996699419,1.23658121705347,0.35856669251072,307.946892867581,99.5580917247533
"430","Mystery",0,0.5,"Changewing",0.893896364426887,-0.590420996699419,1.23658121705347,0.35856669251072,320.278397071522,115.055512985024
"431","Mystery",0,0.5,"Changewing",0.893896364426887,-0.590420996699419,1.23658121705347,0.35856669251072,362.377240558486,110.863128234213
"432","Mystery",0,0.5,"Changewing",0.893896364426887,-0.590420996699419,1.23658121705347,0.35856669251072,316.879126330861,103.478794473789
"433","Mystery",0,0.5,"Changewing",0.893896364426887,-0.590420996699419,1.23658121705347,0.35856669251072,300.837577664596,104.536859600051
"434","Mystery",0,0.5,"Changewing",0.893896364426887,-0.590420996699419,1.23658121705347,0.35856669251072,327.817633422303,108.457874127756
"435","Mystery",0,0.5,"Changewing",0.893896364426887,-0.590420996699419,1.23658121705347,0.35856669251072,335.615878787428,103.39066273718
"436","Mystery",0,0.5,"Lycanwing",0.754021901024355,2.04647811902107,0.404249930444353,0.353483030658759,274.215996066764,106.263209458544
"437","Mystery",0,0.5,"Lycanwing",0.754021901024355,2.04647811902107,0.404249930444353,0.353483030658759,315.381785761801,117.631053634608
"438","Mystery",0,0.5,"Lycanwing",0.754021901024355,2.04647811902107,0.404249930444353,0.353483030658759,298.905997784256,120.773620474541
"439","Mystery",0,0.5,"Lycanwing",0.754021901024355,2.04647811902107,0.404249930444353,0.353483030658759,326.496789906069,118.186830686055
"440","Mystery",0,0.5,"Lycanwing",0.754021901024355,2.04647811902107,0.404249930444353,0.353483030658759,295.508838696596,128.318633153801
"441","Mystery",0,0.5,"Lycanwing",0.754021901024355,2.04647811902107,0.404249930444353,0.353483030658759,314.825833726582,120.790682426474
"442","Mystery",0,0.5,"Lycanwing",0.754021901024355,2.04647811902107,0.404249930444353,0.353483030658759,297.960095490151,111.336591387994
"443","Mystery",0,0.5,"Lycanwing",0.754021901024355,2.04647811902107,0.404249930444353,0.353483030658759,325.380342893145,123.615209063155
"444","Mystery",0,0.5,"Boneknapper",0.920120326156091,1.7282154226634,-0.704880388121931,0.149261858257396,265.910044749225,110.892114644917
"445","Mystery",0,0.5,"Boneknapper",0.920120326156091,1.7282154226634,-0.704880388121931,0.149261858257396,345.474140280159,115.291190882699
"446","Mystery",0,0.5,"Boneknapper",0.920120326156091,1.7282154226634,-0.704880388121931,0.149261858257396,331.53201968622,108.839654348849
"447","Mystery",0,0.5,"Boneknapper",0.920120326156091,1.7282154226634,-0.704880388121931,0.149261858257396,320.991189816809,113.263764078128
"448","Mystery",0,0.5,"Boneknapper",0.920120326156091,1.7282154226634,-0.704880388121931,0.149261858257396,331.596228123796,100.450786676529
"449","Mystery",0,0.5,"Boneknapper",0.920120326156091,1.7282154226634,-0.704880388121931,0.149261858257396,335.55253487165,107.147073716728
"450","Mystery",0,0.5,"Boneknapper",0.920120326156091,1.7282154226634,-0.704880388121931,0.149261858257396,309.712943010074,112.407724431877
"451","Mystery",0,0.5,"Boneknapper",0.920120326156091,1.7282154226634,-0.704880388121931,0.149261858257396,323.559277406069,115.594344417234
"452","Mystery",0,0.5,"Armorwing",-0.582648188898538,-0.162367099070649,-0.91095654484454,0.365896883027549,277.867023133427,100.145185084359
"453","Mystery",0,0.5,"Armorwing",-0.582648188898538,-0.162367099070649,-0.91095654484454,0.365896883027549,269.839195365635,82.5475976707045
"454","Mystery",0,0.5,"Armorwing",-0.582648188898538,-0.162367099070649,-0.91095654484454,0.365896883027549,296.683943283855,98.9708857222214
"455","Mystery",0,0.5,"Armorwing",-0.582648188898538,-0.162367099070649,-0.91095654484454,0.365896883027549,317.23163230192,94.4500687943433
"456","Mystery",0,0.5,"Armorwing",-0.582648188898538,-0.162367099070649,-0.91095654484454,0.365896883027549,273.886072794612,91.6521556207922
"457","Mystery",0,0.5,"Armorwing",-0.582648188898538,-0.162367099070649,-0.91095654484454,0.365896883027549,265.882933303531,84.5036625982728
"458","Mystery",0,0.5,"Armorwing",-0.582648188898538,-0.162367099070649,-0.91095654484454,0.365896883027549,324.700883352114,87.8162971733637
"459","Mystery",0,0.5,"Armorwing",-0.582648188898538,-0.162367099070649,-0.91095654484454,0.365896883027549,261.843839881862,94.5331047731331
"460","Mystery",0,0.5,"Dramillion",1.44861318938059,1.32897725356785,1.39281973156353,0.251325025814115,322.718909030775,118.572925665909
"461","Mystery",0,0.5,"Dramillion",1.44861318938059,1.32897725356785,1.39281973156353,0.251325025814115,332.606183758949,125.476704384394
"462","Mystery",0,0.5,"Dramillion",1.44861318938059,1.32897725356785,1.39281973156353,0.251325025814115,313.395670216445,120.785376335349
"463","Mystery",0,0.5,"Dramillion",1.44861318938059,1.32897725356785,1.39281973156353,0.251325025814115,315.763626865721,116.70292752672
"464","Mystery",0,0.5,"Dramillion",1.44861318938059,1.32897725356785,1.39281973156353,0.251325025814115,307.385157442492,126.441692158571
"465","Mystery",0,0.5,"Dramillion",1.44861318938059,1.32897725356785,1.39281973156353,0.251325025814115,349.576888030001,121.624838948993
"466","Mystery",0,0.5,"Dramillion",1.44861318938059,1.32897725356785,1.39281973156353,0.251325025814115,331.967263560578,118.992456643714
"467","Mystery",0,0.5,"Dramillion",1.44861318938059,1.32897725356785,1.39281973156353,0.251325025814115,322.603017636402,114.061119949721
"468","Mystery",0,0.5,"Smothering Smokebreath",0.482742515968791,0.310453796902992,-0.33369102598487,-0.169119394115256,293.29704893922,93.8010541604621
"469","Mystery",0,0.5,"Smothering Smokebreath",0.482742515968791,0.310453796902992,-0.33369102598487,-0.169119394115256,281.131873982374,101.128933682414
"470","Mystery",0,0.5,"Smothering Smokebreath",0.482742515968791,0.310453796902992,-0.33369102598487,-0.169119394115256,334.452560372197,98.6318165378345
"471","Mystery",0,0.5,"Smothering Smokebreath",0.482742515968791,0.310453796902992,-0.33369102598487,-0.169119394115256,325.752942591733,106.526533503876
"472","Mystery",0,0.5,"Smothering Smokebreath",0.482742515968791,0.310453796902992,-0.33369102598487,-0.169119394115256,294.480375168665,103.136733039576
"473","Mystery",0,0.5,"Smothering Smokebreath",0.482742515968791,0.310453796902992,-0.33369102598487,-0.169119394115256,329.66885628509,104.936957470219
"474","Mystery",0,0.5,"Smothering Smokebreath",0.482742515968791,0.310453796902992,-0.33369102598487,-0.169119394115256,349.059081937352,97.0199996061482
"475","Mystery",0,0.5,"Smothering Smokebreath",0.482742515968791,0.310453796902992,-0.33369102598487,-0.169119394115256,317.306244431572,95.7952592685422
"476","Mystery",0,0.5,"Flightmare",-0.958085128936778,0.634165346899864,1.47552051868231,0.15397697094217,283.767279733874,122.545695466729
"477","Mystery",0,0.5,"Flightmare",-0.958085128936778,0.634165346899864,1.47552051868231,0.15397697094217,300.875957798375,113.168493846556
"478","Mystery",0,0.5,"Flightmare",-0.958085128936778,0.634165346899864,1.47552051868231,0.15397697094217,262.557147803779,113.717041629832
"479","Mystery",0,0.5,"Flightmare",-0.958085128936778,0.634165346899864,1.47552051868231,0.15397697094217,271.436195560964,104.511376535177
"480","Mystery",0,0.5,"Flightmare",-0.958085128936778,0.634165346899864,1.47552051868231,0.15397697094217,310.757321713758,116.740908320754
"481","Mystery",0,0.5,"Flightmare",-0.958085128936778,0.634165346899864,1.47552051868231,0.15397697094217,275.093985394102,115.779373802358
"482","Mystery",0,0.5,"Flightmare",-0.958085128936778,0.634165346899864,1.47552051868231,0.15397697094217,321.026629058039,126.619458704126
"483","Mystery",0,0.5,"Flightmare",-0.958085128936778,0.634165346899864,1.47552051868231,0.15397697094217,241.28743687269,124.905658106195
"484","Mystery",0,0.5,"Buffalord",-0.361997201966244,0.160310995131275,-0.759936137533959,0.305793702436664,276.773712923614,74.9662635930389
"485","Mystery",0,0.5,"Buffalord",-0.361997201966244,0.160310995131275,-0.759936137533959,0.305793702436664,279.476025837575,90.0215695446554
"486","Mystery",0,0.5,"Buffalord",-0.361997201966244,0.160310995131275,-0.759936137533959,0.305793702436664,288.42815883159,84.6168701011039
"487","Mystery",0,0.5,"Buffalord",-0.361997201966244,0.160310995131275,-0.759936137533959,0.305793702436664,317.320225660031,106.202655172669
"488","Mystery",0,0.5,"Buffalord",-0.361997201966244,0.160310995131275,-0.759936137533959,0.305793702436664,304.655833095419,89.4105309779487
"489","Mystery",0,0.5,"Buffalord",-0.361997201966244,0.160310995131275,-0.759936137533959,0.305793702436664,261.384852709859,92.613010260677
"490","Mystery",0,0.5,"Buffalord",-0.361997201966244,0.160310995131275,-0.759936137533959,0.305793702436664,254.734102176532,93.7503213538202
"491","Mystery",0,0.5,"Buffalord",-0.361997201966244,0.160310995131275,-0.759936137533959,0.305793702436664,307.197609603997,98.7146787864261
"492","Mystery",0,0.5,"Slithersong",0.696555588667985,1.02160044031901,-1.01498331775197,-0.289922749649858,310.825776503668,103.612676670809
"493","Mystery",0,0.5,"Slithersong",0.696555588667985,1.02160044031901,-1.01498331775197,-0.289922749649858,323.217681074241,99.373021584025
"494","Mystery",0,0.5,"Slithersong",0.696555588667985,1.02160044031901,-1.01498331775197,-0.289922749649858,313.432216485684,105.895970105264
"495","Mystery",0,0.5,"Slithersong",0.696555588667985,1.02160044031901,-1.01498331775197,-0.289922749649858,318.360272773045,95.4998053975263
"496","Mystery",0,0.5,"Slithersong",0.696555588667985,1.02160044031901,-1.01498331775197,-0.289922749649858,317.744957838851,94.3269931264476
"497","Mystery",0,0.5,"Slithersong",0.696555588667985,1.02160044031901,-1.01498331775197,-0.289922749649858,308.6898655324,94.2734763072115
"498","Mystery",0,0.5,"Slithersong",0.696555588667985,1.02160044031901,-1.01498331775197,-0.289922749649858,319.642499677492,98.3512777636932
"499","Mystery",0,0.5,"Slithersong",0.696555588667985,1.02160044031901,-1.01498331775197,-0.289922749649858,324.195937894763,86.126662760972
"500","Mystery",0,0.5,"Slitherwing",-0.239495778395061,-0.337878350036462,0.00835485606331314,0.475654190338697,282.99153292822,94.0661816730836
"501","Mystery",0,0.5,"Slitherwing",-0.239495778395061,-0.337878350036462,0.00835485606331314,0.475654190338697,288.640355058961,80.5630858737764
"502","Mystery",0,0.5,"Slitherwing",-0.239495778395061,-0.337878350036462,0.00835485606331314,0.475654190338697,278.338984097584,93.893365781836
"503","Mystery",0,0.5,"Slitherwing",-0.239495778395061,-0.337878350036462,0.00835485606331314,0.475654190338697,266.974537618182,87.4889156647788
"504","Mystery",0,0.5,"Slitherwing",-0.239495778395061,-0.337878350036462,0.00835485606331314,0.475654190338697,273.906125832636,79.3357246580477
"505","Mystery",0,0.5,"Slitherwing",-0.239495778395061,-0.337878350036462,0.00835485606331314,0.475654190338697,281.480114404605,96.7723678724622
"506","Mystery",0,0.5,"Slitherwing",-0.239495778395061,-0.337878350036462,0.00835485606331314,0.475654190338697,305.695056923673,97.7181047016558
"507","Mystery",0,0.5,"Slitherwing",-0.239495778395061,-0.337878350036462,0.00835485606331314,0.475654190338697,305.134898569798,101.490731761429
"508","Mystery",0,0.5,"Snow Wraith",1.01217307339191,0.0815161774850302,-1.33636637367946,0.219836808175255,317.052863802553,89.3832891822196
"509","Mystery",0,0.5,"Snow Wraith",1.01217307339191,0.0815161774850302,-1.33636637367946,0.219836808175255,312.853437057944,88.9732949145405
"510","Mystery",0,0.5,"Snow Wraith",1.01217307339191,0.0815161774850302,-1.33636637367946,0.219836808175255,336.271906724386,91.5689066433238
"511","Mystery",0,0.5,"Snow Wraith",1.01217307339191,0.0815161774850302,-1.33636637367946,0.219836808175255,320.246115265266,87.5773669638471
"512","Mystery",0,0.5,"Snow Wraith",1.01217307339191,0.0815161774850302,-1.33636637367946,0.219836808175255,338.063278164855,90.4713762799118
"513","Mystery",0,0.5,"Snow Wraith",1.01217307339191,0.0815161774850302,-1.33636637367946,0.219836808175255,288.714680536388,82.334115337445
"514","Mystery",0,0.5,"Snow Wraith",1.01217307339191,0.0815161774850302,-1.33636637367946,0.219836808175255,320.948264861979,89.8293848791897
"515","Mystery",0,0.5,"Snow Wraith",1.01217307339191,0.0815161774850302,-1.33636637367946,0.219836808175255,357.800294971195,101.758385386979
"516","Mystery",0,0.5,"Sandbuster",-0.732392541128991,0.999853030558667,0.0216662698297879,0.12351926410996,292.904518268337,94.8964388960382
"517","Mystery",0,0.5,"Sandbuster",-0.732392541128991,0.999853030558667,0.0216662698297879,0.12351926410996,332.310126322113,117.223725213666
"518","Mystery",0,0.5,"Sandbuster",-0.732392541128991,0.999853030558667,0.0216662698297879,0.12351926410996,285.897380285117,107.648943620413
"519","Mystery",0,0.5,"Sandbuster",-0.732392541128991,0.999853030558667,0.0216662698297879,0.12351926410996,299.592105885914,95.6816867145155
"520","Mystery",0,0.5,"Sandbuster",-0.732392541128991,0.999853030558667,0.0216662698297879,0.12351926410996,315.578105384393,103.477168050643
"521","Mystery",0,0.5,"Sandbuster",-0.732392541128991,0.999853030558667,0.0216662698297879,0.12351926410996,292.576444702795,98.8417480098585
"522","Mystery",0,0.5,"Sandbuster",-0.732392541128991,0.999853030558667,0.0216662698297879,0.12351926410996,272.087277342043,99.3023201730715
"523","Mystery",0,0.5,"Sandbuster",-0.732392541128991,0.999853030558667,0.0216662698297879,0.12351926410996,303.00216113716,113.294498627714
"524","Mystery",0,0.5,"Cavern Crasher",0.707823972852661,-0.0163408179723058,-0.720650125972233,0.785195027169227,322.164388082504,105.832402558387
"525","Mystery",0,0.5,"Cavern Crasher",0.707823972852661,-0.0163408179723058,-0.720650125972233,0.785195027169227,284.390647300838,95.3765193121043
"526","Mystery",0,0.5,"Cavern Crasher",0.707823972852661,-0.0163408179723058,-0.720650125972233,0.785195027169227,333.554341871585,102.222850209402
"527","Mystery",0,0.5,"Cavern Crasher",0.707823972852661,-0.0163408179723058,-0.720650125972233,0.785195027169227,341.814926381043,106.248350838623
"528","Mystery",0,0.5,"Cavern Crasher",0.707823972852661,-0.0163408179723058,-0.720650125972233,0.785195027169227,307.219255020292,101.178314428519
"529","Mystery",0,0.5,"Cavern Crasher",0.707823972852661,-0.0163408179723058,-0.720650125972233,0.785195027169227,305.360604418974,88.4254276182738
"530","Mystery",0,0.5,"Cavern Crasher",0.707823972852661,-0.0163408179723058,-0.720650125972233,0.785195027169227,320.996548920135,101.721352921589
"531","Mystery",0,0.5,"Cavern Crasher",0.707823972852661,-0.0163408179723058,-0.720650125972233,0.785195027169227,337.053453746244,100.066554509978
"532","Mystery",0,0.5,"Gobsucker",-0.694608518077803,0.463324750563857,2.31835561568309,0.520406275859675,312.232642574477,126.527699487287
"533","Mystery",0,0.5,"Gobsucker",-0.694608518077803,0.463324750563857,2.31835561568309,0.520406275859675,297.353247214174,113.742353622866
"534","Mystery",0,0.5,"Gobsucker",-0.694608518077803,0.463324750563857,2.31835561568309,0.520406275859675,299.97837496829,112.896431035703
"535","Mystery",0,0.5,"Gobsucker",-0.694608518077803,0.463324750563857,2.31835561568309,0.520406275859675,313.575422321897,132.787099342358
"536","Mystery",0,0.5,"Gobsucker",-0.694608518077803,0.463324750563857,2.31835561568309,0.520406275859675,310.805040176222,114.627468197094
"537","Mystery",0,0.5,"Gobsucker",-0.694608518077803,0.463324750563857,2.31835561568309,0.520406275859675,312.971881927967,136.867526352137
"538","Mystery",0,0.5,"Gobsucker",-0.694608518077803,0.463324750563857,2.31835561568309,0.520406275859675,330.659104884565,123.334137102086
"539","Mystery",0,0.5,"Gobsucker",-0.694608518077803,0.463324750563857,2.31835561568309,0.520406275859675,263.08468792503,116.277249432549
"540","Mystery",0,0.5,"Sweet Death",0.867634384244651,0.335950698437741,0.307088780998273,0.840855916386203,343.834806437276,120.042659526147
"541","Mystery",0,0.5,"Sweet Death",0.867634384244651,0.335950698437741,0.307088780998273,0.840855916386203,297.588988057175,103.167265174067
"542","Mystery",0,0.5,"Sweet Death",0.867634384244651,0.335950698437741,0.307088780998273,0.840855916386203,324.202467884515,105.47286115926
"543","Mystery",0,0.5,"Sweet Death",0.867634384244651,0.335950698437741,0.307088780998273,0.840855916386203,323.65350862257,116.013061989708
"544","Mystery",0,0.5,"Sweet Death",0.867634384244651,0.335950698437741,0.307088780998273,0.840855916386203,320.516720574667,112.905976755318
"545","Mystery",0,0.5,"Sweet Death",0.867634384244651,0.335950698437741,0.307088780998273,0.840855916386203,348.372611596517,122.916426287204
"546","Mystery",0,0.5,"Sweet Death",0.867634384244651,0.335950698437741,0.307088780998273,0.840855916386203,341.948798511425,117.635361260417
"547","Mystery",0,0.5,"Sweet Death",0.867634384244651,0.335950698437741,0.307088780998273,0.840855916386203,336.720372222982,119.215504072449
"548","Mystery",0,0.5,"Sword Stealer",1.48291613642812,1.01732463509025,0.253904933196057,0.372429506564938,354.486584686721,100.721522809635
"549","Mystery",0,0.5,"Sword Stealer",1.48291613642812,1.01732463509025,0.253904933196057,0.372429506564938,334.010885326507,97.8936018974799
"550","Mystery",0,0.5,"Sword Stealer",1.48291613642812,1.01732463509025,0.253904933196057,0.372429506564938,324.075584528029,110.007276408407
"551","Mystery",0,0.5,"Sword Stealer",1.48291613642812,1.01732463509025,0.253904933196057,0.372429506564938,297.433397150642,110.201807515578
"552","Mystery",0,0.5,"Sword Stealer",1.48291613642812,1.01732463509025,0.253904933196057,0.372429506564938,347.215868758004,110.316280213525
"553","Mystery",0,0.5,"Sword Stealer",1.48291613642812,1.01732463509025,0.253904933196057,0.372429506564938,338.445498636359,117.162369685422
"554","Mystery",0,0.5,"Sword Stealer",1.48291613642812,1.01732463509025,0.253904933196057,0.372429506564938,300.278697489047,121.077140199791
"555","Mystery",0,0.5,"Sword Stealer",1.48291613642812,1.01732463509025,0.253904933196057,0.372429506564938,327.379402673494,115.057607650394
"556","Mystery",0,0.5,"Foreverwing",0.481112240068826,1.09514889270062,-2.40379713450331,0.381120103685428,308.422746158339,102.770349625166
"557","Mystery",0,0.5,"Foreverwing",0.481112240068826,1.09514889270062,-2.40379713450331,0.381120103685428,324.014029593532,102.336728616964
"558","Mystery",0,0.5,"Foreverwing",0.481112240068826,1.09514889270062,-2.40379713450331,0.381120103685428,293.793317135663,87.1244099831889
"559","Mystery",0,0.5,"Foreverwing",0.481112240068826,1.09514889270062,-2.40379713450331,0.381120103685428,322.888035024238,93.7532948792386
"560","Mystery",0,0.5,"Foreverwing",0.481112240068826,1.09514889270062,-2.40379713450331,0.381120103685428,303.037266824802,100.529232123292
"561","Mystery",0,0.5,"Foreverwing",0.481112240068826,1.09514889270062,-2.40379713450331,0.381120103685428,289.19840172021,98.8818239335623
"562","Mystery",0,0.5,"Foreverwing",0.481112240068826,1.09514889270062,-2.40379713450331,0.381120103685428,288.347466483834,92.9226989509118
"563","Mystery",0,0.5,"Foreverwing",0.481112240068826,1.09514889270062,-2.40379713450331,0.381120103685428,306.633852669023,93.2672704055887
"564","Mystery",0,0.5,"Death Song",1.16797135281025,1.40013133604955,-0.301003599946714,-0.400252833834643,354.20354893379,109.949641826886
"565","Mystery",0,0.5,"Death Song",1.16797135281025,1.40013133604955,-0.301003599946714,-0.400252833834643,292.214810801076,116.39708408194
"566","Mystery",0,0.5,"Death Song",1.16797135281025,1.40013133604955,-0.301003599946714,-0.400252833834643,342.87580558524,96.8882565308152
"567","Mystery",0,0.5,"Death Song",1.16797135281025,1.40013133604955,-0.301003599946714,-0.400252833834643,322.323945714911,105.499021984601
"568","Mystery",0,0.5,"Death Song",1.16797135281025,1.40013133604955,-0.301003599946714,-0.400252833834643,309.720248649251,106.31886510593
"569","Mystery",0,0.5,"Death Song",1.16797135281025,1.40013133604955,-0.301003599946714,-0.400252833834643,291.133623490392,127.825222650772
"570","Mystery",0,0.5,"Death Song",1.16797135281025,1.40013133604955,-0.301003599946714,-0.400252833834643,315.169465298023,111.154998193553
"571","Mystery",0,0.5,"Death Song",1.16797135281025,1.40013133604955,-0.301003599946714,-0.400252833834643,354.256457187974,92.5662759109027
"572","Mystery",0,0.5,"Hobgobbler",-0.533873266069433,0.465525407355361,-0.602905001161696,0.541340784113352,281.112661485181,102.835421792501
"573","Mystery",0,0.5,"Hobgobbler",-0.533873266069433,0.465525407355361,-0.602905001161696,0.541340784113352,290.14774056916,88.8147967671793
"574","Mystery",0,0.5,"Hobgobbler",-0.533873266069433,0.465525407355361,-0.602905001161696,0.541340784113352,286.875085874511,118.100073609354
"575","Mystery",0,0.5,"Hobgobbler",-0.533873266069433,0.465525407355361,-0.602905001161696,0.541340784113352,297.982021564056,110.480909044091
"576","Mystery",0,0.5,"Hobgobbler",-0.533873266069433,0.465525407355361,-0.602905001161696,0.541340784113352,283.077224475423,94.8964070733027
"577","Mystery",0,0.5,"Hobgobbler",-0.533873266069433,0.465525407355361,-0.602905001161696,0.541340784113352,288.598215738166,89.5115042996961
"578","Mystery",0,0.5,"Hobgobbler",-0.533873266069433,0.465525407355361,-0.602905001161696,0.541340784113352,302.540582772825,104.977679613469
"579","Mystery",0,0.5,"Hobgobbler",-0.533873266069433,0.465525407355361,-0.602905001161696,0.541340784113352,338.752721606432,111.629660348882
"580","Mystery",0,0.5,"Silkspanner",-0.480362431628055,0.803852867566587,2.18956713314649,0.754831355663883,303.719496583516,132.015494948931
"581","Mystery",0,0.5,"Silkspanner",-0.480362431628055,0.803852867566587,2.18956713314649,0.754831355663883,281.536614186117,117.420109871192
"582","Mystery",0,0.5,"Silkspanner",-0.480362431628055,0.803852867566587,2.18956713314649,0.754831355663883,291.898976236793,120.332681569917
"583","Mystery",0,0.5,"Silkspanner",-0.480362431628055,0.803852867566587,2.18956713314649,0.754831355663883,300.502684535639,120.41394297388
"584","Mystery",0,0.5,"Silkspanner",-0.480362431628055,0.803852867566587,2.18956713314649,0.754831355663883,295.588033914689,128.011621779764
"585","Mystery",0,0.5,"Silkspanner",-0.480362431628055,0.803852867566587,2.18956713314649,0.754831355663883,270.004883676921,110.397392331321
"586","Mystery",0,0.5,"Silkspanner",-0.480362431628055,0.803852867566587,2.18956713314649,0.754831355663883,307.283733541174,127.192403878494
"587","Mystery",0,0.5,"Silkspanner",-0.480362431628055,0.803852867566587,2.18956713314649,0.754831355663883,305.887180433697,120.24000411857
"588","Mystery",0,0.5,"Snaptrapper",-1.71197460108234,0.171473030021637,-1.23882116538507,0.202241302151759,316.029024090912,82.7994336046479
"589","Mystery",0,0.5,"Snaptrapper",-1.71197460108234,0.171473030021637,-1.23882116538507,0.202241302151759,255.592415585773,82.6884195874404
"590","Mystery",0,0.5,"Snaptrapper",-1.71197460108234,0.171473030021637,-1.23882116538507,0.202241302151759,240.466597586658,97.7306165975477
"591","Mystery",0,0.5,"Snaptrapper",-1.71197460108234,0.171473030021637,-1.23882116538507,0.202241302151759,298.751514962716,107.669893477845
"592","Mystery",0,0.5,"Snaptrapper",-1.71197460108234,0.171473030021637,-1.23882116538507,0.202241302151759,267.174689218829,93.9886763197761
"593","Mystery",0,0.5,"Snaptrapper",-1.71197460108234,0.171473030021637,-1.23882116538507,0.202241302151759,292.985082402379,91.0430968447491
"594","Mystery",0,0.5,"Snaptrapper",-1.71197460108234,0.171473030021637,-1.23882116538507,0.202241302151759,246.824051530397,100.812349913705
"595","Mystery",0,0.5,"Snaptrapper",-1.71197460108234,0.171473030021637,-1.23882116538507,0.202241302151759,248.266267097238,83.3357741151686
"596","Mystery",0,0.5,"Shadow Wing",-0.94196907292047,0.0060679421558088,0.0839799367670591,0.339419815238268,295.576812971075,90.1580519527208
"597","Mystery",0,0.5,"Shadow Wing",-0.94196907292047,0.0060679421558088,0.0839799367670591,0.339419815238268,243.876211840457,101.745168050534
"598","Mystery",0,0.5,"Shadow Wing",-0.94196907292047,0.0060679421558088,0.0839799367670591,0.339419815238268,289.9918396469,94.5238995704989
"599","Mystery",0,0.5,"Shadow Wing",-0.94196907292047,0.0060679421558088,0.0839799367670591,0.339419815238268,259.771495073495,88.7535583097863
"600","Mystery",0,0.5,"Shadow Wing",-0.94196907292047,0.0060679421558088,0.0839799367670591,0.339419815238268,278.164630597865,102.299594628445
"601","Mystery",0,0.5,"Shadow Wing",-0.94196907292047,0.0060679421558088,0.0839799367670591,0.339419815238268,255.29534714979,94.6525345728056
"602","Mystery",0,0.5,"Shadow Wing",-0.94196907292047,0.0060679421558088,0.0839799367670591,0.339419815238268,261.456139825175,101.739831201143
"603","Mystery",0,0.5,"Shadow Wing",-0.94196907292047,0.0060679421558088,0.0839799367670591,0.339419815238268,280.982593973106,88.0125985231622
"604","Strike",-2,3,"Night Fury",-3.19707927364232,3.45182322119306,-0.423871883593422,0.692503218807491,209.033700364208,106.079518651154
"605","Strike",-2,3,"Night Fury",-3.19707927364232,3.45182322119306,-0.423871883593422,0.692503218807491,273.008730165503,102.421935351239
"606","Strike",-2,3,"Night Fury",-3.19707927364232,3.45182322119306,-0.423871883593422,0.692503218807491,233.30548002707,118.64574468609
"607","Strike",-2,3,"Night Fury",-3.19707927364232,3.45182322119306,-0.423871883593422,0.692503218807491,223.464359956669,111.466466561929
"608","Strike",-2,3,"Night Fury",-3.19707927364232,3.45182322119306,-0.423871883593422,0.692503218807491,248.787452968594,116.375256504142
"609","Strike",-2,3,"Night Fury",-3.19707927364232,3.45182322119306,-0.423871883593422,0.692503218807491,235.133029259197,101.52577148356
"610","Strike",-2,3,"Night Fury",-3.19707927364232,3.45182322119306,-0.423871883593422,0.692503218807491,236.801417175184,98.738667873922
"611","Strike",-2,3,"Night Fury",-3.19707927364232,3.45182322119306,-0.423871883593422,0.692503218807491,281.277720627479,122.141138204309
"612","Strike",-2,3,"Night Fury",-3.19707927364232,3.45182322119306,-0.423871883593422,0.692503218807491,242.8531590138,115.473144404951
"613","Strike",-2,3,"Triple Stryke",-4.21858814029866,4.47098427146415,0.268176300565977,-0.143864578603299,181.953255554894,129.297607262061
"614","Strike",-2,3,"Triple Stryke",-4.21858814029866,4.47098427146415,0.268176300565977,-0.143864578603299,186.951397003845,131.073363226641
"615","Strike",-2,3,"Triple Stryke",-4.21858814029866,4.47098427146415,0.268176300565977,-0.143864578603299,214.515726039264,137.969257003166
"616","Strike",-2,3,"Triple Stryke",-4.21858814029866,4.47098427146415,0.268176300565977,-0.143864578603299,216.658240816901,129.937487629354
"617","Strike",-2,3,"Triple Stryke",-4.21858814029866,4.47098427146415,0.268176300565977,-0.143864578603299,170.344143767239,135.322560397997
"618","Strike",-2,3,"Triple Stryke",-4.21858814029866,4.47098427146415,0.268176300565977,-0.143864578603299,231.785045642754,141.198641367592
"619","Strike",-2,3,"Triple Stryke",-4.21858814029866,4.47098427146415,0.268176300565977,-0.143864578603299,208.651450051038,142.983707381178
"620","Strike",-2,3,"Triple Stryke",-4.21858814029866,4.47098427146415,0.268176300565977,-0.143864578603299,185.324128165838,135.396625765569
"621","Strike",-2,3,"Triple Stryke",-4.21858814029866,4.47098427146415,0.268176300565977,-0.143864578603299,159.546539483661,135.324144580665
"622","Strike",-2,3,"Skrill",-2.5875018370611,3.3987733891724,-1.17786139267008,-0.0727920595644543,258.472293026743,105.326386924484
"623","Strike",-2,3,"Skrill",-2.5875018370611,3.3987733891724,-1.17786139267008,-0.0727920595644543,240.418571514621,113.249515767927
"624","Strike",-2,3,"Skrill",-2.5875018370611,3.3987733891724,-1.17786139267008,-0.0727920595644543,252.889336693703,118.875204368069
"625","Strike",-2,3,"Skrill",-2.5875018370611,3.3987733891724,-1.17786139267008,-0.0727920595644543,197.988457251545,125.476151471533
"626","Strike",-2,3,"Skrill",-2.5875018370611,3.3987733891724,-1.17786139267008,-0.0727920595644543,258.725634225585,119.311553986272
"627","Strike",-2,3,"Skrill",-2.5875018370611,3.3987733891724,-1.17786139267008,-0.0727920595644543,219.271674541582,105.156145070736
"628","Strike",-2,3,"Skrill",-2.5875018370611,3.3987733891724,-1.17786139267008,-0.0727920595644543,231.524399843069,126.439180898968
"629","Strike",-2,3,"Skrill",-2.5875018370611,3.3987733891724,-1.17786139267008,-0.0727920595644543,231.223891679927,119.227501997288
"630","Strike",-2,3,"Skrill",-2.5875018370611,3.3987733891724,-1.17786139267008,-0.0727920595644543,197.342666128967,108.95356248847
"631","Strike",-2,3,"Deathgripper",-2.8326687438966,3.6711266132172,0.261769203295723,0.0678877920520817,289.439654028433,131.277639913716
"632","Strike",-2,3,"Deathgripper",-2.8326687438966,3.6711266132172,0.261769203295723,0.0678877920520817,215.698690982253,135.593912400815
"633","Strike",-2,3,"Deathgripper",-2.8326687438966,3.6711266132172,0.261769203295723,0.0678877920520817,235.000645407975,128.781423678525
"634","Strike",-2,3,"Deathgripper",-2.8326687438966,3.6711266132172,0.261769203295723,0.0678877920520817,234.872571990358,123.885018245691
"635","Strike",-2,3,"Deathgripper",-2.8326687438966,3.6711266132172,0.261769203295723,0.0678877920520817,230.708466129128,118.714887718034
"636","Strike",-2,3,"Deathgripper",-2.8326687438966,3.6711266132172,0.261769203295723,0.0678877920520817,238.329026457501,140.632523022453
"637","Strike",-2,3,"Deathgripper",-2.8326687438966,3.6711266132172,0.261769203295723,0.0678877920520817,248.287231240894,140.722465426204
"638","Strike",-2,3,"Deathgripper",-2.8326687438966,3.6711266132172,0.261769203295723,0.0678877920520817,265.880659962679,121.608041093836
"639","Strike",-2,3,"Deathgripper",-2.8326687438966,3.6711266132172,0.261769203295723,0.0678877920520817,241.663005080636,127.07911483402
"640","Strike",-2,3,"Snow Wraith",-0.951994681986396,4.49314863522025,-1.66946748322086,0.112079901794796,312.462138102905,138.262555924307
"641","Strike",-2,3,"Snow Wraith",-0.951994681986396,4.49314863522025,-1.66946748322086,0.112079901794796,259.802807339743,101.340086381797
"642","Strike",-2,3,"Snow Wraith",-0.951994681986396,4.49314863522025,-1.66946748322086,0.112079901794796,267.422605414358,122.00360253595
"643","Strike",-2,3,"Snow Wraith",-0.951994681986396,4.49314863522025,-1.66946748322086,0.112079901794796,256.776386135532,107.373557221901
"644","Strike",-2,3,"Snow Wraith",-0.951994681986396,4.49314863522025,-1.66946748322086,0.112079901794796,269.782374978038,124.059102320529
"645","Strike",-2,3,"Snow Wraith",-0.951994681986396,4.49314863522025,-1.66946748322086,0.112079901794796,264.422037374091,122.002946778372
"646","Strike",-2,3,"Snow Wraith",-0.951994681986396,4.49314863522025,-1.66946748322086,0.112079901794796,273.103078424721,127.396143288644
"647","Strike",-2,3,"Snow Wraith",-0.951994681986396,4.49314863522025,-1.66946748322086,0.112079901794796,292.466519643785,123.987825382403
"648","Strike",-2,3,"Snow Wraith",-0.951994681986396,4.49314863522025,-1.66946748322086,0.112079901794796,282.602593027479,118.320130269218
"649","Strike",-2,3,"Light Fury",-2.42333058766202,1.58385760749162,2.64300150148544,-0.130386318740564,248.965636398171,138.969650258406
"650","Strike",-2,3,"Light Fury",-2.42333058766202,1.58385760749162,2.64300150148544,-0.130386318740564,249.117383001585,134.651363671844
"651","Strike",-2,3,"Light Fury",-2.42333058766202,1.58385760749162,2.64300150148544,-0.130386318740564,292.491002585375,125.483936584241
"652","Strike",-2,3,"Light Fury",-2.42333058766202,1.58385760749162,2.64300150148544,-0.130386318740564,218.328945451795,134.338600493501
"653","Strike",-2,3,"Light Fury",-2.42333058766202,1.58385760749162,2.64300150148544,-0.130386318740564,247.593491919922,121.714879296011
"654","Strike",-2,3,"Light Fury",-2.42333058766202,1.58385760749162,2.64300150148544,-0.130386318740564,243.351145813622,133.24072444028
"655","Strike",-2,3,"Light Fury",-2.42333058766202,1.58385760749162,2.64300150148544,-0.130386318740564,241.959418856876,127.899419997573
"656","Strike",-2,3,"Light Fury",-2.42333058766202,1.58385760749162,2.64300150148544,-0.130386318740564,254.32257086361,134.638311360476
"657","Strike",-2,3,"Light Fury",-2.42333058766202,1.58385760749162,2.64300150148544,-0.130386318740564,256.713760740897,134.91173956597
